file,line,type,commit,author,date,time,timezone,datetime,depth,length
style.css,1,css,7ca6b1bc,Zeng-xinyi,2025-10-16,14:33:15,-07:00,2025-10-16T14:33:15-07:00,0,4
style.css,2,css,9618e5ae,Zeng-xinyi,2025-10-16,15:09:28,-07:00,2025-10-16T15:09:28-07:00,1,23
style.css,3,css,7ca6b1bc,Zeng-xinyi,2025-10-16,14:33:15,-07:00,2025-10-16T14:33:15-07:00,0,0
style.css,4,css,7ca6b1bc,Zeng-xinyi,2025-10-16,14:33:15,-07:00,2025-10-16T14:33:15-07:00,0,0
style.css,5,css,615f5091,Zeng-xinyi,2025-10-10,00:27:53,-07:00,2025-10-10T00:27:53-07:00,0,34
style.css,6,css,615f5091,Zeng-xinyi,2025-10-10,00:27:53,-07:00,2025-10-10T00:27:53-07:00,0,5
style.css,7,css,615f5091,Zeng-xinyi,2025-10-10,00:27:53,-07:00,2025-10-10T00:27:53-07:00,1,31
style.css,8,css,615f5091,Zeng-xinyi,2025-10-10,00:27:53,-07:00,2025-10-10T00:27:53-07:00,1,32
style.css,9,css,615f5091,Zeng-xinyi,2025-10-10,00:27:53,-07:00,2025-10-10T00:27:53-07:00,1,45
style.css,10,css,9ba39a4c,Zeng-xinyi,2025-10-16,15:37:14,-07:00,2025-10-16T15:37:14-07:00,1,71
style.css,11,css,7ca6b1bc,Zeng-xinyi,2025-10-16,14:33:15,-07:00,2025-10-16T14:33:15-07:00,1,39
style.css,12,css,615f5091,Zeng-xinyi,2025-10-10,00:27:53,-07:00,2025-10-10T00:27:53-07:00,0,0
style.css,13,css,615f5091,Zeng-xinyi,2025-10-10,00:27:53,-07:00,2025-10-10T00:27:53-07:00,0,0
style.css,14,css,e802fe6b,Zeng-xinyi,2025-09-30,19:22:32,-07:00,2025-09-30T19:22:32-07:00,0,4
style.css,15,css,e802fe6b,Zeng-xinyi,2025-09-30,19:22:32,-07:00,2025-09-30T19:22:32-07:00,1,43
style.css,16,css,e802fe6b,Zeng-xinyi,2025-09-30,19:22:32,-07:00,2025-09-30T19:22:32-07:00,0,42
style.css,17,css,e802fe6b,Zeng-xinyi,2025-09-30,19:22:32,-07:00,2025-09-30T19:22:32-07:00,0,0
style.css,18,css,e802fe6b,Zeng-xinyi,2025-09-30,19:22:32,-07:00,2025-09-30T19:22:32-07:00,1,23
style.css,19,css,2a3aa06b,Zeng-xinyi,2025-10-08,14:31:58,-07:00,2025-10-08T14:31:58-07:00,1,15
style.css,20,css,2a3aa06b,Zeng-xinyi,2025-10-08,14:31:58,-07:00,2025-10-08T14:31:58-07:00,1,22
style.css,21,css,2a3aa06b,Zeng-xinyi,2025-10-08,14:31:58,-07:00,2025-10-08T14:31:58-07:00,1,18
style.css,22,css,3d9a101b,Zeng-xinyi,2025-10-08,14:47:52,-07:00,2025-10-08T14:47:52-07:00,1,75
style.css,23,css,3d9a101b,Zeng-xinyi,2025-10-08,14:47:52,-07:00,2025-10-08T14:47:52-07:00,1,19
style.css,24,css,3d9a101b,Zeng-xinyi,2025-10-08,14:47:52,-07:00,2025-10-08T14:47:52-07:00,0,0
style.css,25,css,9f925d05,Zeng-xinyi,2025-10-08,16:53:56,-07:00,2025-10-08T16:53:56-07:00,1,35
style.css,26,css,9f925d05,Zeng-xinyi,2025-10-08,16:53:56,-07:00,2025-10-08T16:53:56-07:00,1,22
style.css,27,css,9f925d05,Zeng-xinyi,2025-10-08,16:53:56,-07:00,2025-10-08T16:53:56-07:00,2,50
style.css,28,css,9f925d05,Zeng-xinyi,2025-10-08,16:53:56,-07:00,2025-10-08T16:53:56-07:00,2,62
style.css,29,css,9f925d05,Zeng-xinyi,2025-10-08,16:53:56,-07:00,2025-10-08T16:53:56-07:00,1,0
style.css,30,css,9f925d05,Zeng-xinyi,2025-10-08,16:53:56,-07:00,2025-10-08T16:53:56-07:00,0,0
style.css,31,css,9f925d05,Zeng-xinyi,2025-10-08,16:53:56,-07:00,2025-10-08T16:53:56-07:00,1,2
style.css,32,css,9f925d05,Zeng-xinyi,2025-10-08,16:53:56,-07:00,2025-10-08T16:53:56-07:00,2,51
style.css,33,css,9f925d05,Zeng-xinyi,2025-10-08,16:53:56,-07:00,2025-10-08T16:53:56-07:00,1,0
style.css,34,css,9f925d05,Zeng-xinyi,2025-10-08,16:53:56,-07:00,2025-10-08T16:53:56-07:00,0,0
style.css,35,css,3b3f4671,Zeng-xinyi,2025-09-30,20:16:27,-07:00,2025-09-30T20:16:27-07:00,0,0
style.css,36,css,f57a2d4c,Zeng-xinyi,2025-10-08,15:04:57,-07:00,2025-10-08T15:04:57-07:00,0,22
style.css,37,css,f57a2d4c,Zeng-xinyi,2025-10-08,15:04:57,-07:00,2025-10-08T15:04:57-07:00,0,5
style.css,38,css,f57a2d4c,Zeng-xinyi,2025-10-08,15:04:57,-07:00,2025-10-08T15:04:57-07:00,0,6
style.css,39,css,f57a2d4c,Zeng-xinyi,2025-10-08,15:04:57,-07:00,2025-10-08T15:04:57-07:00,1,16
style.css,40,css,f57a2d4c,Zeng-xinyi,2025-10-08,15:04:57,-07:00,2025-10-08T15:04:57-07:00,0,0
style.css,41,css,b1382bb9,Zeng-xinyi,2025-10-08,15:33:51,-07:00,2025-10-08T15:33:51-07:00,0,0
style.css,42,css,2ac5b9d1,Zeng-xinyi,2025-10-08,15:21:57,-07:00,2025-10-08T15:21:57-07:00,0,3
style.css,43,css,2ac5b9d1,Zeng-xinyi,2025-10-08,15:21:57,-07:00,2025-10-08T15:21:57-07:00,1,12
style.css,44,css,b1382bb9,Zeng-xinyi,2025-10-08,15:33:51,-07:00,2025-10-08T15:33:51-07:00,1,18
style.css,45,css,7ca6b1bc,Zeng-xinyi,2025-10-16,14:33:15,-07:00,2025-10-16T14:33:15-07:00,1,43
style.css,46,css,b1382bb9,Zeng-xinyi,2025-10-08,15:33:51,-07:00,2025-10-08T15:33:51-07:00,0,0
style.css,47,css,b1382bb9,Zeng-xinyi,2025-10-08,15:33:51,-07:00,2025-10-08T15:33:51-07:00,0,0
style.css,48,css,b1382bb9,Zeng-xinyi,2025-10-08,15:33:51,-07:00,2025-10-08T15:33:51-07:00,0,5
style.css,49,css,7ca6b1bc,Zeng-xinyi,2025-10-16,14:33:15,-07:00,2025-10-16T14:33:15-07:00,1,6
style.css,50,css,b1382bb9,Zeng-xinyi,2025-10-08,15:33:51,-07:00,2025-10-08T15:33:51-07:00,1,22
style.css,51,css,b1382bb9,Zeng-xinyi,2025-10-08,15:33:51,-07:00,2025-10-08T15:33:51-07:00,1,20
style.css,52,css,b1382bb9,Zeng-xinyi,2025-10-08,15:33:51,-07:00,2025-10-08T15:33:51-07:00,1,36
style.css,53,css,b1382bb9,Zeng-xinyi,2025-10-08,15:33:51,-07:00,2025-10-08T15:33:51-07:00,1,13
style.css,54,css,b1382bb9,Zeng-xinyi,2025-10-08,15:33:51,-07:00,2025-10-08T15:33:51-07:00,1,28
style.css,55,css,b1382bb9,Zeng-xinyi,2025-10-08,15:33:51,-07:00,2025-10-08T15:33:51-07:00,1,17
style.css,56,css,b1382bb9,Zeng-xinyi,2025-10-08,15:33:51,-07:00,2025-10-08T15:33:51-07:00,1,13
style.css,57,css,b1382bb9,Zeng-xinyi,2025-10-08,15:33:51,-07:00,2025-10-08T15:33:51-07:00,0,0
style.css,58,css,b1382bb9,Zeng-xinyi,2025-10-08,15:33:51,-07:00,2025-10-08T15:33:51-07:00,0,0
style.css,59,css,a7744c13,Zeng-xinyi,2025-10-08,16:02:35,-07:00,2025-10-08T16:02:35-07:00,0,34
style.css,60,css,b1382bb9,Zeng-xinyi,2025-10-08,15:33:51,-07:00,2025-10-08T15:33:51-07:00,0,13
style.css,61,css,7ca6b1bc,Zeng-xinyi,2025-10-16,14:33:15,-07:00,2025-10-16T14:33:15-07:00,1,45
style.css,62,css,b1382bb9,Zeng-xinyi,2025-10-08,15:33:51,-07:00,2025-10-08T15:33:51-07:00,1,20
style.css,63,css,d36903b0,Zeng-xinyi,2025-10-08,15:45:36,-07:00,2025-10-08T15:45:36-07:00,0,0
style.css,64,css,d36903b0,Zeng-xinyi,2025-10-08,15:45:36,-07:00,2025-10-08T15:45:36-07:00,0,0
style.css,65,css,a7744c13,Zeng-xinyi,2025-10-08,16:02:35,-07:00,2025-10-08T16:02:35-07:00,0,19
style.css,66,css,d36903b0,Zeng-xinyi,2025-10-08,15:45:36,-07:00,2025-10-08T15:45:36-07:00,0,11
style.css,67,css,d36903b0,Zeng-xinyi,2025-10-08,15:45:36,-07:00,2025-10-08T15:45:36-07:00,1,45
style.css,68,css,7ca6b1bc,Zeng-xinyi,2025-10-16,14:33:15,-07:00,2025-10-16T14:33:15-07:00,1,69
style.css,69,css,7b20a7b2,Zeng-xinyi,2025-10-08,15:49:33,-07:00,2025-10-08T15:49:33-07:00,0,0
style.css,70,css,7b20a7b2,Zeng-xinyi,2025-10-08,15:49:33,-07:00,2025-10-08T15:49:33-07:00,0,0
style.css,71,css,a7744c13,Zeng-xinyi,2025-10-08,16:02:35,-07:00,2025-10-08T16:02:35-07:00,0,14
style.css,72,css,7b20a7b2,Zeng-xinyi,2025-10-08,15:49:33,-07:00,2025-10-08T15:49:33-07:00,0,23
style.css,73,css,7b20a7b2,Zeng-xinyi,2025-10-08,15:49:33,-07:00,2025-10-08T15:49:33-07:00,0,4
style.css,74,css,7b20a7b2,Zeng-xinyi,2025-10-08,15:49:33,-07:00,2025-10-08T15:49:33-07:00,0,7
style.css,75,css,9ba39a4c,Zeng-xinyi,2025-10-16,15:37:14,-07:00,2025-10-16T15:37:14-07:00,0,5
style.css,76,css,9ba39a4c,Zeng-xinyi,2025-10-16,15:37:14,-07:00,2025-10-16T15:37:14-07:00,0,6
style.css,77,css,7b20a7b2,Zeng-xinyi,2025-10-08,15:49:33,-07:00,2025-10-08T15:49:33-07:00,1,12
style.css,78,css,a7744c13,Zeng-xinyi,2025-10-08,16:02:35,-07:00,2025-10-08T16:02:35-07:00,0,0
style.css,79,css,a7744c13,Zeng-xinyi,2025-10-08,16:02:35,-07:00,2025-10-08T16:02:35-07:00,0,0
style.css,80,css,fb10c744,Zeng-xinyi,2025-10-08,16:18:37,-07:00,2025-10-08T16:18:37-07:00,0,4
style.css,81,css,fb10c744,Zeng-xinyi,2025-10-08,16:18:37,-07:00,2025-10-08T16:18:37-07:00,1,12
style.css,82,css,fb10c744,Zeng-xinyi,2025-10-08,16:18:37,-07:00,2025-10-08T16:18:37-07:00,1,30
style.css,83,css,fb10c744,Zeng-xinyi,2025-10-08,16:18:37,-07:00,2025-10-08T16:18:37-07:00,1,7
style.css,84,css,a7744c13,Zeng-xinyi,2025-10-08,16:02:35,-07:00,2025-10-08T16:02:35-07:00,0,0
style.css,85,css,a7744c13,Zeng-xinyi,2025-10-08,16:02:35,-07:00,2025-10-08T16:02:35-07:00,0,0
style.css,86,css,fb10c744,Zeng-xinyi,2025-10-08,16:18:37,-07:00,2025-10-08T16:18:37-07:00,0,5
style.css,87,css,fb10c744,Zeng-xinyi,2025-10-08,16:18:37,-07:00,2025-10-08T16:18:37-07:00,1,12
style.css,88,css,fb10c744,Zeng-xinyi,2025-10-08,16:18:37,-07:00,2025-10-08T16:18:37-07:00,1,29
style.css,89,css,fb10c744,Zeng-xinyi,2025-10-08,16:18:37,-07:00,2025-10-08T16:18:37-07:00,1,18
style.css,90,css,a7744c13,Zeng-xinyi,2025-10-08,16:02:35,-07:00,2025-10-08T16:02:35-07:00,0,0
style.css,91,css,a7744c13,Zeng-xinyi,2025-10-08,16:02:35,-07:00,2025-10-08T16:02:35-07:00,0,0
style.css,92,css,fb10c744,Zeng-xinyi,2025-10-08,16:18:37,-07:00,2025-10-08T16:18:37-07:00,0,21
style.css,93,css,fb10c744,Zeng-xinyi,2025-10-08,16:18:37,-07:00,2025-10-08T16:18:37-07:00,1,18
style.css,94,css,c88524f2,Zeng-xinyi,2025-10-08,16:28:17,-07:00,2025-10-08T16:28:17-07:00,0,0
style.css,95,css,c88524f2,Zeng-xinyi,2025-10-08,16:28:17,-07:00,2025-10-08T16:28:17-07:00,0,0
style.css,96,css,c88524f2,Zeng-xinyi,2025-10-08,16:28:17,-07:00,2025-10-08T16:28:17-07:00,0,15
style.css,97,css,c88524f2,Zeng-xinyi,2025-10-08,16:28:17,-07:00,2025-10-08T16:28:17-07:00,0,9
style.css,98,css,c88524f2,Zeng-xinyi,2025-10-08,16:28:17,-07:00,2025-10-08T16:28:17-07:00,1,12
style.css,99,css,c88524f2,Zeng-xinyi,2025-10-08,16:28:17,-07:00,2025-10-08T16:28:17-07:00,1,58
style.css,100,css,d363d16e,Zeng-xinyi,2025-10-08,16:41:57,-07:00,2025-10-08T16:41:57-07:00,1,25
style.css,101,css,d363d16e,Zeng-xinyi,2025-10-08,16:41:57,-07:00,2025-10-08T16:41:57-07:00,0,0
style.css,102,css,d363d16e,Zeng-xinyi,2025-10-08,16:41:57,-07:00,2025-10-08T16:41:57-07:00,0,0
style.css,103,css,d363d16e,Zeng-xinyi,2025-10-08,16:41:57,-07:00,2025-10-08T16:41:57-07:00,0,17
style.css,104,css,d363d16e,Zeng-xinyi,2025-10-08,16:41:57,-07:00,2025-10-08T16:41:57-07:00,1,12
style.css,105,css,d363d16e,Zeng-xinyi,2025-10-08,16:41:57,-07:00,2025-10-08T16:41:57-07:00,1,26
style.css,106,css,d363d16e,Zeng-xinyi,2025-10-08,16:41:57,-07:00,2025-10-08T16:41:57-07:00,1,15
style.css,107,css,d363d16e,Zeng-xinyi,2025-10-08,16:41:57,-07:00,2025-10-08T16:41:57-07:00,0,0
style.css,108,css,d363d16e,Zeng-xinyi,2025-10-08,16:41:57,-07:00,2025-10-08T16:41:57-07:00,0,0
style.css,109,css,d363d16e,Zeng-xinyi,2025-10-08,16:41:57,-07:00,2025-10-08T16:41:57-07:00,0,12
style.css,110,css,d363d16e,Zeng-xinyi,2025-10-08,16:41:57,-07:00,2025-10-08T16:41:57-07:00,1,8
style.css,111,css,615f5091,Zeng-xinyi,2025-10-10,00:27:53,-07:00,2025-10-10T00:27:53-07:00,0,0
style.css,112,css,615f5091,Zeng-xinyi,2025-10-10,00:27:53,-07:00,2025-10-10T00:27:53-07:00,0,0
style.css,113,css,615f5091,Zeng-xinyi,2025-10-10,00:27:53,-07:00,2025-10-10T00:27:53-07:00,0,7
style.css,114,css,615f5091,Zeng-xinyi,2025-10-10,00:27:53,-07:00,2025-10-10T00:27:53-07:00,1,18
style.css,115,css,615f5091,Zeng-xinyi,2025-10-10,00:27:53,-07:00,2025-10-10T00:27:53-07:00,1,21
style.css,116,css,7ca6b1bc,Zeng-xinyi,2025-10-16,14:33:15,-07:00,2025-10-16T14:33:15-07:00,1,68
style.css,117,css,615f5091,Zeng-xinyi,2025-10-10,00:27:53,-07:00,2025-10-10T00:27:53-07:00,0,0
style.css,118,css,615f5091,Zeng-xinyi,2025-10-10,00:27:53,-07:00,2025-10-10T00:27:53-07:00,0,20
style.css,119,css,615f5091,Zeng-xinyi,2025-10-10,00:27:53,-07:00,2025-10-10T00:27:53-07:00,1,18
style.css,120,css,615f5091,Zeng-xinyi,2025-10-10,00:27:53,-07:00,2025-10-10T00:27:53-07:00,1,15
style.css,121,css,615f5091,Zeng-xinyi,2025-10-10,00:27:53,-07:00,2025-10-10T00:27:53-07:00,0,0
style.css,122,css,615f5091,Zeng-xinyi,2025-10-10,00:27:53,-07:00,2025-10-10T00:27:53-07:00,0,0
style.css,123,css,615f5091,Zeng-xinyi,2025-10-10,00:27:53,-07:00,2025-10-10T00:27:53-07:00,0,18
style.css,124,css,615f5091,Zeng-xinyi,2025-10-10,00:27:53,-07:00,2025-10-10T00:27:53-07:00,0,2
style.css,125,css,615f5091,Zeng-xinyi,2025-10-10,00:27:53,-07:00,2025-10-10T00:27:53-07:00,1,14
style.css,126,css,615f5091,Zeng-xinyi,2025-10-10,00:27:53,-07:00,2025-10-10T00:27:53-07:00,1,16
style.css,127,css,615f5091,Zeng-xinyi,2025-10-10,00:27:53,-07:00,2025-10-10T00:27:53-07:00,1,19
style.css,128,css,615f5091,Zeng-xinyi,2025-10-10,00:27:53,-07:00,2025-10-10T00:27:53-07:00,1,25
style.css,129,css,615f5091,Zeng-xinyi,2025-10-10,00:27:53,-07:00,2025-10-10T00:27:53-07:00,1,17
style.css,130,css,615f5091,Zeng-xinyi,2025-10-10,00:27:53,-07:00,2025-10-10T00:27:53-07:00,0,0
style.css,131,css,615f5091,Zeng-xinyi,2025-10-10,00:27:53,-07:00,2025-10-10T00:27:53-07:00,0,10
style.css,132,css,615f5091,Zeng-xinyi,2025-10-10,00:27:53,-07:00,2025-10-10T00:27:53-07:00,1,10
style.css,133,css,615f5091,Zeng-xinyi,2025-10-10,00:27:53,-07:00,2025-10-10T00:27:53-07:00,1,13
style.css,134,css,615f5091,Zeng-xinyi,2025-10-10,00:27:53,-07:00,2025-10-10T00:27:53-07:00,1,29
style.css,135,css,615f5091,Zeng-xinyi,2025-10-10,00:27:53,-07:00,2025-10-10T00:27:53-07:00,1,30
style.css,136,css,615f5091,Zeng-xinyi,2025-10-10,00:27:53,-07:00,2025-10-10T00:27:53-07:00,1,30
style.css,137,css,615f5091,Zeng-xinyi,2025-10-10,00:27:53,-07:00,2025-10-10T00:27:53-07:00,1,17
style.css,138,css,615f5091,Zeng-xinyi,2025-10-10,00:27:53,-07:00,2025-10-10T00:27:53-07:00,1,13
style.css,139,css,615f5091,Zeng-xinyi,2025-10-10,00:27:53,-07:00,2025-10-10T00:27:53-07:00,1,6
style.css,140,css,615f5091,Zeng-xinyi,2025-10-10,00:27:53,-07:00,2025-10-10T00:27:53-07:00,0,0
style.css,141,css,615f5091,Zeng-xinyi,2025-10-10,00:27:53,-07:00,2025-10-10T00:27:53-07:00,0,0
style.css,142,css,8c055718,Zeng-xinyi,2025-10-16,11:09:45,-07:00,2025-10-16T11:09:45-07:00,0,37
style.css,143,css,615f5091,Zeng-xinyi,2025-10-10,00:27:53,-07:00,2025-10-10T00:27:53-07:00,0,7
style.css,144,css,615f5091,Zeng-xinyi,2025-10-10,00:27:53,-07:00,2025-10-10T00:27:53-07:00,1,31
style.css,145,css,615f5091,Zeng-xinyi,2025-10-10,00:27:53,-07:00,2025-10-10T00:27:53-07:00,1,18
style.css,146,css,615f5091,Zeng-xinyi,2025-10-10,00:27:53,-07:00,2025-10-10T00:27:53-07:00,1,13
style.css,147,css,615f5091,Zeng-xinyi,2025-10-10,00:27:53,-07:00,2025-10-10T00:27:53-07:00,1,19
style.css,148,css,615f5091,Zeng-xinyi,2025-10-10,00:27:53,-07:00,2025-10-10T00:27:53-07:00,1,38
style.css,149,css,615f5091,Zeng-xinyi,2025-10-10,00:27:53,-07:00,2025-10-10T00:27:53-07:00,1,36
style.css,150,css,615f5091,Zeng-xinyi,2025-10-10,00:27:53,-07:00,2025-10-10T00:27:53-07:00,1,52
style.css,151,css,615f5091,Zeng-xinyi,2025-10-10,00:27:53,-07:00,2025-10-10T00:27:53-07:00,0,0
style.css,152,css,615f5091,Zeng-xinyi,2025-10-10,00:27:53,-07:00,2025-10-10T00:27:53-07:00,0,13
style.css,153,css,615f5091,Zeng-xinyi,2025-10-10,00:27:53,-07:00,2025-10-10T00:27:53-07:00,1,26
style.css,154,css,615f5091,Zeng-xinyi,2025-10-10,00:27:53,-07:00,2025-10-10T00:27:53-07:00,1,39
style.css,155,css,615f5091,Zeng-xinyi,2025-10-10,00:27:53,-07:00,2025-10-10T00:27:53-07:00,0,0
style.css,156,css,615f5091,Zeng-xinyi,2025-10-10,00:27:53,-07:00,2025-10-10T00:27:53-07:00,0,0
style.css,157,css,615f5091,Zeng-xinyi,2025-10-10,00:27:53,-07:00,2025-10-10T00:27:53-07:00,0,1
style.css,158,css,615f5091,Zeng-xinyi,2025-10-10,00:27:53,-07:00,2025-10-10T00:27:53-07:00,1,25
style.css,159,css,9618e5ae,Zeng-xinyi,2025-10-16,15:09:28,-07:00,2025-10-16T15:09:28-07:00,0,0
style.css,160,css,9618e5ae,Zeng-xinyi,2025-10-16,15:09:28,-07:00,2025-10-16T15:09:28-07:00,0,0
style.css,161,css,9618e5ae,Zeng-xinyi,2025-10-16,15:09:28,-07:00,2025-10-16T15:09:28-07:00,0,24
style.css,162,css,9618e5ae,Zeng-xinyi,2025-10-16,15:09:28,-07:00,2025-10-16T15:09:28-07:00,0,13
style.css,163,css,9ba39a4c,Zeng-xinyi,2025-10-16,15:37:14,-07:00,2025-10-16T15:37:14-07:00,1,17
style.css,164,css,9ba39a4c,Zeng-xinyi,2025-10-16,15:37:14,-07:00,2025-10-16T15:37:14-07:00,1,8
style.css,165,css,9ba39a4c,Zeng-xinyi,2025-10-16,15:37:14,-07:00,2025-10-16T15:37:14-07:00,1,10
style.css,166,css,9ba39a4c,Zeng-xinyi,2025-10-16,15:37:14,-07:00,2025-10-16T15:37:14-07:00,1,13
style.css,167,css,9ba39a4c,Zeng-xinyi,2025-10-16,15:37:14,-07:00,2025-10-16T15:37:14-07:00,1,19
style.css,168,css,9ba39a4c,Zeng-xinyi,2025-10-16,15:37:14,-07:00,2025-10-16T15:37:14-07:00,1,40
style.css,169,css,9618e5ae,Zeng-xinyi,2025-10-16,15:09:28,-07:00,2025-10-16T15:09:28-07:00,0,0
style.css,170,css,9618e5ae,Zeng-xinyi,2025-10-16,15:09:28,-07:00,2025-10-16T15:09:28-07:00,0,0
style.css,171,css,9618e5ae,Zeng-xinyi,2025-10-16,15:09:28,-07:00,2025-10-16T15:09:28-07:00,0,20
style.css,172,css,9618e5ae,Zeng-xinyi,2025-10-16,15:09:28,-07:00,2025-10-16T15:09:28-07:00,1,17
style.css,173,css,9618e5ae,Zeng-xinyi,2025-10-16,15:09:28,-07:00,2025-10-16T15:09:28-07:00,1,19
style.css,174,css,9618e5ae,Zeng-xinyi,2025-10-16,15:09:28,-07:00,2025-10-16T15:09:28-07:00,1,36
style.css,175,css,9618e5ae,Zeng-xinyi,2025-10-16,15:09:28,-07:00,2025-10-16T15:09:28-07:00,1,17
style.css,176,css,9618e5ae,Zeng-xinyi,2025-10-16,15:09:28,-07:00,2025-10-16T15:09:28-07:00,1,17
style.css,177,css,9618e5ae,Zeng-xinyi,2025-10-16,15:09:28,-07:00,2025-10-16T15:09:28-07:00,1,16
style.css,178,css,ce7045a6,Zeng-xinyi,2025-10-24,02:58:58,-07:00,2025-10-24T02:58:58-07:00,0,0
style.css,179,css,ce7045a6,Zeng-xinyi,2025-10-24,02:58:58,-07:00,2025-10-24T02:58:58-07:00,0,0
style.css,180,css,ce7045a6,Zeng-xinyi,2025-10-24,02:58:58,-07:00,2025-10-24T02:58:58-07:00,0,24
style.css,181,css,ce7045a6,Zeng-xinyi,2025-10-24,02:58:58,-07:00,2025-10-24T02:58:58-07:00,0,14
style.css,182,css,ce7045a6,Zeng-xinyi,2025-10-24,02:58:58,-07:00,2025-10-24T02:58:58-07:00,1,12
style.css,183,css,ce7045a6,Zeng-xinyi,2025-10-24,02:58:58,-07:00,2025-10-24T02:58:58-07:00,1,22
style.css,184,css,ce7045a6,Zeng-xinyi,2025-10-24,02:58:58,-07:00,2025-10-24T02:58:58-07:00,1,22
style.css,185,css,ce7045a6,Zeng-xinyi,2025-10-24,02:58:58,-07:00,2025-10-24T02:58:58-07:00,1,8
style.css,186,css,ce7045a6,Zeng-xinyi,2025-10-24,02:58:58,-07:00,2025-10-24T02:58:58-07:00,1,13
style.css,187,css,ce7045a6,Zeng-xinyi,2025-10-24,02:58:58,-07:00,2025-10-24T02:58:58-07:00,1,17
style.css,188,css,ce7045a6,Zeng-xinyi,2025-10-24,02:58:58,-07:00,2025-10-24T02:58:58-07:00,1,14
style.css,189,css,ce7045a6,Zeng-xinyi,2025-10-24,02:58:58,-07:00,2025-10-24T02:58:58-07:00,0,0
style.css,190,css,ce7045a6,Zeng-xinyi,2025-10-24,02:58:58,-07:00,2025-10-24T02:58:58-07:00,0,0
style.css,191,css,ce7045a6,Zeng-xinyi,2025-10-24,02:58:58,-07:00,2025-10-24T02:58:58-07:00,0,17
style.css,192,css,ce7045a6,Zeng-xinyi,2025-10-24,02:58:58,-07:00,2025-10-24T02:58:58-07:00,1,12
style.css,193,css,ce7045a6,Zeng-xinyi,2025-10-24,02:58:58,-07:00,2025-10-24T02:58:58-07:00,1,28
style.css,194,css,ce7045a6,Zeng-xinyi,2025-10-24,02:58:58,-07:00,2025-10-24T02:58:58-07:00,1,20
style.css,195,css,ce7045a6,Zeng-xinyi,2025-10-24,02:58:58,-07:00,2025-10-24T02:58:58-07:00,1,8
style.css,196,css,ce7045a6,Zeng-xinyi,2025-10-24,02:58:58,-07:00,2025-10-24T02:58:58-07:00,0,0
style.css,197,css,ce7045a6,Zeng-xinyi,2025-10-24,02:58:58,-07:00,2025-10-24T02:58:58-07:00,0,0
style.css,198,css,ce7045a6,Zeng-xinyi,2025-10-24,02:58:58,-07:00,2025-10-24T02:58:58-07:00,0,17
style.css,199,css,ce7045a6,Zeng-xinyi,2025-10-24,02:58:58,-07:00,2025-10-24T02:58:58-07:00,1,24
style.css,200,css,ce7045a6,Zeng-xinyi,2025-10-24,02:58:58,-07:00,2025-10-24T02:58:58-07:00,1,16
style.css,201,css,ce7045a6,Zeng-xinyi,2025-10-24,02:58:58,-07:00,2025-10-24T02:58:58-07:00,1,18
style.css,202,css,7801b3a4,Zeng-xinyi,2025-10-31,03:02:09,-07:00,2025-10-31T03:02:09-07:00,1,13
style.css,203,css,ce7045a6,Zeng-xinyi,2025-10-24,02:58:58,-07:00,2025-10-24T02:58:58-07:00,1,20
style.css,204,css,ce7045a6,Zeng-xinyi,2025-10-24,02:58:58,-07:00,2025-10-24T02:58:58-07:00,0,0
style.css,205,css,ce7045a6,Zeng-xinyi,2025-10-24,02:58:58,-07:00,2025-10-24T02:58:58-07:00,0,0
style.css,206,css,ce7045a6,Zeng-xinyi,2025-10-24,02:58:58,-07:00,2025-10-24T02:58:58-07:00,0,17
style.css,207,css,ce7045a6,Zeng-xinyi,2025-10-24,02:58:58,-07:00,2025-10-24T02:58:58-07:00,1,16
style.css,208,css,ce7045a6,Zeng-xinyi,2025-10-24,02:58:58,-07:00,2025-10-24T02:58:58-07:00,1,15
style.css,209,css,7801b3a4,Zeng-xinyi,2025-10-31,03:02:09,-07:00,2025-10-31T03:02:09-07:00,1,13
style.css,210,css,ce7045a6,Zeng-xinyi,2025-10-24,02:58:58,-07:00,2025-10-24T02:58:58-07:00,1,8
style.css,211,css,ce7045a6,Zeng-xinyi,2025-10-24,02:58:58,-07:00,2025-10-24T02:58:58-07:00,0,0
style.css,212,css,ce7045a6,Zeng-xinyi,2025-10-24,02:58:58,-07:00,2025-10-24T02:58:58-07:00,0,0
style.css,213,css,ce7045a6,Zeng-xinyi,2025-10-24,02:58:58,-07:00,2025-10-24T02:58:58-07:00,0,18
style.css,214,css,ce7045a6,Zeng-xinyi,2025-10-24,02:58:58,-07:00,2025-10-24T02:58:58-07:00,1,17
style.css,215,css,ce7045a6,Zeng-xinyi,2025-10-24,02:58:58,-07:00,2025-10-24T02:58:58-07:00,1,18
style.css,216,css,ce7045a6,Zeng-xinyi,2025-10-24,02:58:58,-07:00,2025-10-24T02:58:58-07:00,0,0
style.css,217,css,ce7045a6,Zeng-xinyi,2025-10-24,02:58:58,-07:00,2025-10-24T02:58:58-07:00,0,0
style.css,218,css,ce7045a6,Zeng-xinyi,2025-10-24,02:58:58,-07:00,2025-10-24T02:58:58-07:00,0,17
style.css,219,css,ce7045a6,Zeng-xinyi,2025-10-24,02:58:58,-07:00,2025-10-24T02:58:58-07:00,1,16
style.css,220,css,ce7045a6,Zeng-xinyi,2025-10-24,02:58:58,-07:00,2025-10-24T02:58:58-07:00,1,18
style.css,221,css,ce7045a6,Zeng-xinyi,2025-10-24,02:58:58,-07:00,2025-10-24T02:58:58-07:00,0,0
style.css,222,css,ce7045a6,Zeng-xinyi,2025-10-24,02:58:58,-07:00,2025-10-24T02:58:58-07:00,0,0
style.css,223,css,ce7045a6,Zeng-xinyi,2025-10-24,02:58:58,-07:00,2025-10-24T02:58:58-07:00,0,16
style.css,224,css,ce7045a6,Zeng-xinyi,2025-10-24,02:58:58,-07:00,2025-10-24T02:58:58-07:00,1,20
style.css,225,css,ce7045a6,Zeng-xinyi,2025-10-24,02:58:58,-07:00,2025-10-24T02:58:58-07:00,0,0
style.css,226,css,ce7045a6,Zeng-xinyi,2025-10-24,02:58:58,-07:00,2025-10-24T02:58:58-07:00,0,0
style.css,227,css,ce7045a6,Zeng-xinyi,2025-10-24,02:58:58,-07:00,2025-10-24T02:58:58-07:00,0,22
style.css,228,css,ce7045a6,Zeng-xinyi,2025-10-24,02:58:58,-07:00,2025-10-24T02:58:58-07:00,1,25
style.css,229,css,ce7045a6,Zeng-xinyi,2025-10-24,02:58:58,-07:00,2025-10-24T02:58:58-07:00,0,0
style.css,230,css,7801b3a4,Zeng-xinyi,2025-10-31,03:02:09,-07:00,2025-10-31T03:02:09-07:00,0,0
style.css,231,css,7801b3a4,Zeng-xinyi,2025-10-31,03:02:09,-07:00,2025-10-31T03:02:09-07:00,0,20
style.css,232,css,7801b3a4,Zeng-xinyi,2025-10-31,03:02:09,-07:00,2025-10-31T03:02:09-07:00,0,13
style.css,233,css,7801b3a4,Zeng-xinyi,2025-10-31,03:02:09,-07:00,2025-10-31T03:02:09-07:00,1,10
style.css,234,css,7801b3a4,Zeng-xinyi,2025-10-31,03:02:09,-07:00,2025-10-31T03:02:09-07:00,1,30
style.css,235,css,7801b3a4,Zeng-xinyi,2025-10-31,03:02:09,-07:00,2025-10-31T03:02:09-07:00,1,34
style.css,236,css,7801b3a4,Zeng-xinyi,2025-10-31,03:02:09,-07:00,2025-10-31T03:02:09-07:00,1,15
style.css,237,css,7801b3a4,Zeng-xinyi,2025-10-31,03:02:09,-07:00,2025-10-31T03:02:09-07:00,1,16
style.css,238,css,7801b3a4,Zeng-xinyi,2025-10-31,03:02:09,-07:00,2025-10-31T03:02:09-07:00,0,0
style.css,239,css,10dc05f5,Zeng-xinyi,2025-10-31,03:19:07,-07:00,2025-10-31T03:19:07-07:00,0,0
style.css,240,css,10dc05f5,Zeng-xinyi,2025-10-31,03:19:07,-07:00,2025-10-31T03:19:07-07:00,0,5
style.css,241,css,10dc05f5,Zeng-xinyi,2025-10-31,03:19:07,-07:00,2025-10-31T03:19:07-07:00,0,18
style.css,242,css,10dc05f5,Zeng-xinyi,2025-10-31,03:19:07,-07:00,2025-10-31T03:19:07-07:00,1,14
style.css,243,css,10dc05f5,Zeng-xinyi,2025-10-31,03:19:07,-07:00,2025-10-31T03:19:07-07:00,1,16
style.css,244,css,10dc05f5,Zeng-xinyi,2025-10-31,03:19:07,-07:00,2025-10-31T03:19:07-07:00,1,35
style.css,245,css,10dc05f5,Zeng-xinyi,2025-10-31,03:19:07,-07:00,2025-10-31T03:19:07-07:00,0,0
style.css,246,css,db35c966,Zeng-xinyi,2025-10-31,03:50:58,-07:00,2025-10-31T03:50:58-07:00,0,0
style.css,247,css,db35c966,Zeng-xinyi,2025-10-31,03:50:58,-07:00,2025-10-31T03:50:58-07:00,0,7
style.css,248,css,db35c966,Zeng-xinyi,2025-10-31,03:50:58,-07:00,2025-10-31T03:50:58-07:00,1,12
style.css,249,css,db35c966,Zeng-xinyi,2025-10-31,03:50:58,-07:00,2025-10-31T03:50:58-07:00,1,57
style.css,250,css,db35c966,Zeng-xinyi,2025-10-31,03:50:58,-07:00,2025-10-31T03:50:58-07:00,1,10
style.css,251,css,db35c966,Zeng-xinyi,2025-10-31,03:50:58,-07:00,2025-10-31T03:50:58-07:00,1,14
style.css,252,css,db35c966,Zeng-xinyi,2025-10-31,03:50:58,-07:00,2025-10-31T03:50:58-07:00,1,18
style.css,253,css,db35c966,Zeng-xinyi,2025-10-31,03:50:58,-07:00,2025-10-31T03:50:58-07:00,1,36
style.css,254,css,db35c966,Zeng-xinyi,2025-10-31,03:50:58,-07:00,2025-10-31T03:50:58-07:00,1,17
style.css,255,css,db35c966,Zeng-xinyi,2025-10-31,03:50:58,-07:00,2025-10-31T03:50:58-07:00,1,71
style.css,256,css,db35c966,Zeng-xinyi,2025-10-31,03:50:58,-07:00,2025-10-31T03:50:58-07:00,1,15
style.css,257,css,db35c966,Zeng-xinyi,2025-10-31,03:50:58,-07:00,2025-10-31T03:50:58-07:00,0,0
style.css,258,css,db35c966,Zeng-xinyi,2025-10-31,03:50:58,-07:00,2025-10-31T03:50:58-07:00,0,0
style.css,259,css,db35c966,Zeng-xinyi,2025-10-31,03:50:58,-07:00,2025-10-31T03:50:58-07:00,0,0
style.css,260,css,db35c966,Zeng-xinyi,2025-10-31,03:50:58,-07:00,2025-10-31T03:50:58-07:00,0,12
style.css,261,css,db35c966,Zeng-xinyi,2025-10-31,03:50:58,-07:00,2025-10-31T03:50:58-07:00,1,12
style.css,262,css,db35c966,Zeng-xinyi,2025-10-31,03:50:58,-07:00,2025-10-31T03:50:58-07:00,1,18
style.css,263,css,db35c966,Zeng-xinyi,2025-10-31,03:50:58,-07:00,2025-10-31T03:50:58-07:00,1,9
style.css,264,css,db35c966,Zeng-xinyi,2025-10-31,03:50:58,-07:00,2025-10-31T03:50:58-07:00,1,14
style.css,265,css,db35c966,Zeng-xinyi,2025-10-31,03:50:58,-07:00,2025-10-31T03:50:58-07:00,0,0
style.css,266,css,db35c966,Zeng-xinyi,2025-10-31,03:50:58,-07:00,2025-10-31T03:50:58-07:00,0,0
style.css,267,css,db35c966,Zeng-xinyi,2025-10-31,03:50:58,-07:00,2025-10-31T03:50:58-07:00,0,0
style.css,268,css,db35c966,Zeng-xinyi,2025-10-31,03:50:58,-07:00,2025-10-31T03:50:58-07:00,0,20
style.css,269,css,db35c966,Zeng-xinyi,2025-10-31,03:50:58,-07:00,2025-10-31T03:50:58-07:00,1,20
style.css,270,css,db35c966,Zeng-xinyi,2025-10-31,03:50:58,-07:00,2025-10-31T03:50:58-07:00,1,9
style.css,271,css,db35c966,Zeng-xinyi,2025-10-31,03:50:58,-07:00,2025-10-31T03:50:58-07:00,1,10
style.css,272,css,db35c966,Zeng-xinyi,2025-10-31,03:50:58,-07:00,2025-10-31T03:50:58-07:00,1,18
style.css,273,css,db35c966,Zeng-xinyi,2025-10-31,03:50:58,-07:00,2025-10-31T03:50:58-07:00,1,19
style.css,274,css,db35c966,Zeng-xinyi,2025-10-31,03:50:58,-07:00,2025-10-31T03:50:58-07:00,1,23
style.css,275,css,db35c966,Zeng-xinyi,2025-10-31,03:50:58,-07:00,2025-10-31T03:50:58-07:00,0,0
style.css,276,css,db35c966,Zeng-xinyi,2025-10-31,03:50:58,-07:00,2025-10-31T03:50:58-07:00,0,0
style.css,277,css,db35c966,Zeng-xinyi,2025-10-31,03:50:58,-07:00,2025-10-31T03:50:58-07:00,0,10
style.css,278,css,db35c966,Zeng-xinyi,2025-10-31,03:50:58,-07:00,2025-10-31T03:50:58-07:00,1,64
style.css,279,css,db35c966,Zeng-xinyi,2025-10-31,03:50:58,-07:00,2025-10-31T03:50:58-07:00,1,18
style.css,280,css,db35c966,Zeng-xinyi,2025-10-31,03:50:58,-07:00,2025-10-31T03:50:58-07:00,1,22
style.css,281,css,db35c966,Zeng-xinyi,2025-10-31,03:50:58,-07:00,2025-10-31T03:50:58-07:00,1,7
style.css,282,css,db35c966,Zeng-xinyi,2025-10-31,03:50:58,-07:00,2025-10-31T03:50:58-07:00,1,14
style.css,283,css,db35c966,Zeng-xinyi,2025-10-31,03:50:58,-07:00,2025-10-31T03:50:58-07:00,1,16
style.css,284,css,db35c966,Zeng-xinyi,2025-10-31,03:50:58,-07:00,2025-10-31T03:50:58-07:00,0,0
style.css,285,css,db35c966,Zeng-xinyi,2025-10-31,03:50:58,-07:00,2025-10-31T03:50:58-07:00,0,0
style.css,286,css,db35c966,Zeng-xinyi,2025-10-31,03:50:58,-07:00,2025-10-31T03:50:58-07:00,0,14
style.css,287,css,db35c966,Zeng-xinyi,2025-10-31,03:50:58,-07:00,2025-10-31T03:50:58-07:00,1,13
style.css,288,css,db35c966,Zeng-xinyi,2025-10-31,03:50:58,-07:00,2025-10-31T03:50:58-07:00,1,14
style.css,289,css,db35c966,Zeng-xinyi,2025-10-31,03:50:58,-07:00,2025-10-31T03:50:58-07:00,1,11
style.css,290,css,db35c966,Zeng-xinyi,2025-10-31,03:50:58,-07:00,2025-10-31T03:50:58-07:00,0,0
style.css,291,css,db35c966,Zeng-xinyi,2025-10-31,03:50:58,-07:00,2025-10-31T03:50:58-07:00,0,0
style.css,292,css,db35c966,Zeng-xinyi,2025-10-31,03:50:58,-07:00,2025-10-31T03:50:58-07:00,0,18
style.css,293,css,db35c966,Zeng-xinyi,2025-10-31,03:50:58,-07:00,2025-10-31T03:50:58-07:00,1,6
style.css,294,css,db35c966,Zeng-xinyi,2025-10-31,03:50:58,-07:00,2025-10-31T03:50:58-07:00,0,0
style.css,295,css,db35c966,Zeng-xinyi,2025-10-31,03:50:58,-07:00,2025-10-31T03:50:58-07:00,0,0
style.css,296,css,5cac85ab,Zeng-xinyi,2025-10-31,04:46:29,-07:00,2025-10-31T04:46:29-07:00,0,10
style.css,297,css,5cac85ab,Zeng-xinyi,2025-10-31,04:46:29,-07:00,2025-10-31T04:46:29-07:00,1,13
style.css,298,css,5cac85ab,Zeng-xinyi,2025-10-31,04:46:29,-07:00,2025-10-31T04:46:29-07:00,1,10
style.css,299,css,5cac85ab,Zeng-xinyi,2025-10-31,04:46:29,-07:00,2025-10-31T04:46:29-07:00,1,14
style.css,300,css,5cac85ab,Zeng-xinyi,2025-10-31,04:46:29,-07:00,2025-10-31T04:46:29-07:00,1,18
style.css,301,css,5cac85ab,Zeng-xinyi,2025-10-31,04:46:29,-07:00,2025-10-31T04:46:29-07:00,1,20
style.css,302,css,5cac85ab,Zeng-xinyi,2025-10-31,04:46:29,-07:00,2025-10-31T04:46:29-07:00,1,36
style.css,303,css,5cac85ab,Zeng-xinyi,2025-10-31,04:46:29,-07:00,2025-10-31T04:46:29-07:00,1,17
style.css,304,css,5cac85ab,Zeng-xinyi,2025-10-31,04:46:29,-07:00,2025-10-31T04:46:29-07:00,1,13
style.css,305,css,5cac85ab,Zeng-xinyi,2025-10-31,04:46:29,-07:00,2025-10-31T04:46:29-07:00,1,17
style.css,306,css,5cac85ab,Zeng-xinyi,2025-10-31,04:46:29,-07:00,2025-10-31T04:46:29-07:00,1,16
style.css,307,css,75611284,Zeng-xinyi,2025-10-31,05:58:33,-07:00,2025-10-31T05:58:33-07:00,0,0
style.css,308,css,75611284,Zeng-xinyi,2025-10-31,05:58:33,-07:00,2025-10-31T05:58:33-07:00,0,0
style.css,309,css,09767e65,Zeng-xinyi,2025-10-31,06:10:22,-07:00,2025-10-31T06:10:22-07:00,0,7
style.css,310,css,75611284,Zeng-xinyi,2025-10-31,05:58:33,-07:00,2025-10-31T05:58:33-07:00,0,3
style.css,311,css,75611284,Zeng-xinyi,2025-10-31,05:58:33,-07:00,2025-10-31T05:58:33-07:00,1,10
style.css,312,css,75611284,Zeng-xinyi,2025-10-31,05:58:33,-07:00,2025-10-31T05:58:33-07:00,1,11
style.css,313,css,75611284,Zeng-xinyi,2025-10-31,05:58:33,-07:00,2025-10-31T05:58:33-07:00,0,0
style.css,314,css,75611284,Zeng-xinyi,2025-10-31,05:58:33,-07:00,2025-10-31T05:58:33-07:00,0,0
style.css,315,css,75611284,Zeng-xinyi,2025-10-31,05:58:33,-07:00,2025-10-31T05:58:33-07:00,0,8
style.css,316,css,75611284,Zeng-xinyi,2025-10-31,05:58:33,-07:00,2025-10-31T05:58:33-07:00,1,29
style.css,317,css,75611284,Zeng-xinyi,2025-10-31,05:58:33,-07:00,2025-10-31T05:58:33-07:00,0,0
style.css,318,css,75611284,Zeng-xinyi,2025-10-31,05:58:33,-07:00,2025-10-31T05:58:33-07:00,0,0
style.css,319,css,75611284,Zeng-xinyi,2025-10-31,05:58:33,-07:00,2025-10-31T05:58:33-07:00,0,36
style.css,320,css,75611284,Zeng-xinyi,2025-10-31,05:58:33,-07:00,2025-10-31T05:58:33-07:00,1,11
style.css,321,css,75611284,Zeng-xinyi,2025-10-31,05:58:33,-07:00,2025-10-31T05:58:33-07:00,0,0
style.css,322,css,09767e65,Zeng-xinyi,2025-10-31,06:10:22,-07:00,2025-10-31T06:10:22-07:00,0,0
style.css,323,css,09767e65,Zeng-xinyi,2025-10-31,06:10:22,-07:00,2025-10-31T06:10:22-07:00,0,7
style.css,324,css,09767e65,Zeng-xinyi,2025-10-31,06:10:22,-07:00,2025-10-31T06:10:22-07:00,0,4
style.css,325,css,09767e65,Zeng-xinyi,2025-10-31,06:10:22,-07:00,2025-10-31T06:10:22-07:00,1,14
style.css,326,css,09767e65,Zeng-xinyi,2025-10-31,06:10:22,-07:00,2025-10-31T06:10:22-07:00,1,16
style.css,327,css,09767e65,Zeng-xinyi,2025-10-31,06:10:22,-07:00,2025-10-31T06:10:22-07:00,0,0
style.css,328,css,09767e65,Zeng-xinyi,2025-10-31,06:10:22,-07:00,2025-10-31T06:10:22-07:00,0,0
style.css,329,css,09767e65,Zeng-xinyi,2025-10-31,06:10:22,-07:00,2025-10-31T06:10:22-07:00,0,9
style.css,330,css,09767e65,Zeng-xinyi,2025-10-31,06:10:22,-07:00,2025-10-31T06:10:22-07:00,1,24
style.css,331,css,09767e65,Zeng-xinyi,2025-10-31,06:10:22,-07:00,2025-10-31T06:10:22-07:00,0,0
style.css,332,css,09767e65,Zeng-xinyi,2025-10-31,06:10:22,-07:00,2025-10-31T06:10:22-07:00,0,0
style.css,333,css,09767e65,Zeng-xinyi,2025-10-31,06:10:22,-07:00,2025-10-31T06:10:22-07:00,0,13
style.css,334,css,09767e65,Zeng-xinyi,2025-10-31,06:10:22,-07:00,2025-10-31T06:10:22-07:00,1,17
style.css,335,css,09767e65,Zeng-xinyi,2025-10-31,06:10:22,-07:00,2025-10-31T06:10:22-07:00,0,0
style.css,336,css,09767e65,Zeng-xinyi,2025-10-31,06:10:22,-07:00,2025-10-31T06:10:22-07:00,0,0
style.css,337,css,09767e65,Zeng-xinyi,2025-10-31,06:10:22,-07:00,2025-10-31T06:10:22-07:00,0,29
style.css,338,css,09767e65,Zeng-xinyi,2025-10-31,06:10:22,-07:00,2025-10-31T06:10:22-07:00,1,33
style.css,339,css,09767e65,Zeng-xinyi,2025-10-31,06:10:22,-07:00,2025-10-31T06:10:22-07:00,1,35
style.css,340,css,09767e65,Zeng-xinyi,2025-10-31,06:10:22,-07:00,2025-10-31T06:10:22-07:00,1,20
style.css,341,css,09767e65,Zeng-xinyi,2025-10-31,06:10:22,-07:00,2025-10-31T06:10:22-07:00,1,65
style.css,342,css,09767e65,Zeng-xinyi,2025-10-31,06:10:22,-07:00,2025-10-31T06:10:22-07:00,0,0
style.css,343,css,09767e65,Zeng-xinyi,2025-10-31,06:10:22,-07:00,2025-10-31T06:10:22-07:00,0,0
style.css,344,css,1af57a50,Zeng-xinyi,2025-10-31,17:47:38,-07:00,2025-10-31T17:47:38-07:00,0,0
index.js,1,js,5db4bc6b,Zeng-xinyi,2025-10-24,02:36:38,-07:00,2025-10-24T02:36:38-07:00,0,27
index.js,2,js,5db4bc6b,Zeng-xinyi,2025-10-24,02:36:38,-07:00,2025-10-24T02:36:38-07:00,0,71
index.js,3,js,5db4bc6b,Zeng-xinyi,2025-10-24,02:36:38,-07:00,2025-10-24T02:36:38-07:00,0,0
index.js,4,js,8a5c0092,Zeng-xinyi,2025-10-24,02:04:50,-07:00,2025-10-24T02:04:50-07:00,0,54
index.js,5,js,8a5c0092,Zeng-xinyi,2025-10-24,02:04:50,-07:00,2025-10-24T02:04:50-07:00,0,62
index.js,6,js,8a5c0092,Zeng-xinyi,2025-10-24,02:04:50,-07:00,2025-10-24T02:04:50-07:00,0,0
index.js,7,js,8a5c0092,Zeng-xinyi,2025-10-24,02:04:50,-07:00,2025-10-24T02:04:50-07:00,0,60
index.js,8,js,8a5c0092,Zeng-xinyi,2025-10-24,02:04:50,-07:00,2025-10-24T02:04:50-07:00,0,54
index.js,9,js,5db4bc6b,Zeng-xinyi,2025-10-24,02:36:38,-07:00,2025-10-24T02:36:38-07:00,0,0
index.js,10,js,5db4bc6b,Zeng-xinyi,2025-10-24,02:36:38,-07:00,2025-10-24T02:36:38-07:00,0,17
index.js,11,js,5db4bc6b,Zeng-xinyi,2025-10-24,02:36:38,-07:00,2025-10-24T02:36:38-07:00,0,53
index.js,12,js,5db4bc6b,Zeng-xinyi,2025-10-24,02:36:38,-07:00,2025-10-24T02:36:38-07:00,0,17
index.js,13,js,ce7045a6,Zeng-xinyi,2025-10-24,02:58:58,-07:00,2025-10-24T02:58:58-07:00,0,60
index.js,14,js,5db4bc6b,Zeng-xinyi,2025-10-24,02:36:38,-07:00,2025-10-24T02:36:38-07:00,0,10
index.js,15,js,5db4bc6b,Zeng-xinyi,2025-10-24,02:36:38,-07:00,2025-10-24T02:36:38-07:00,0,15
index.js,16,js,ce7045a6,Zeng-xinyi,2025-10-24,02:58:58,-07:00,2025-10-24T02:58:58-07:00,1,24
index.js,17,js,5db4bc6b,Zeng-xinyi,2025-10-24,02:36:38,-07:00,2025-10-24T02:36:38-07:00,2,66
index.js,18,js,ce7045a6,Zeng-xinyi,2025-10-24,02:58:58,-07:00,2025-10-24T02:58:58-07:00,2,80
index.js,19,js,ce7045a6,Zeng-xinyi,2025-10-24,02:58:58,-07:00,2025-10-24T02:58:58-07:00,2,2
index.js,20,js,ce7045a6,Zeng-xinyi,2025-10-24,02:58:58,-07:00,2025-10-24T02:58:58-07:00,3,55
index.js,21,js,ce7045a6,Zeng-xinyi,2025-10-24,02:58:58,-07:00,2025-10-24T02:58:58-07:00,3,49
index.js,22,js,ce7045a6,Zeng-xinyi,2025-10-24,02:58:58,-07:00,2025-10-24T02:58:58-07:00,3,49
index.js,23,js,ce7045a6,Zeng-xinyi,2025-10-24,02:58:58,-07:00,2025-10-24T02:58:58-07:00,2,3
index.js,24,js,5db4bc6b,Zeng-xinyi,2025-10-24,02:36:38,-07:00,2025-10-24T02:36:38-07:00,1,0
index.js,25,js,ce7045a6,Zeng-xinyi,2025-10-24,02:58:58,-07:00,2025-10-24T02:58:58-07:00,0,0
index.html,1,html,1f55229f,Zeng-xinyi,2025-09-30,16:41:55,-07:00,2025-09-30T16:41:55-07:00,0,13
index.html,2,html,1f55229f,Zeng-xinyi,2025-09-30,16:41:55,-07:00,2025-09-30T16:41:55-07:00,0,14
index.html,3,html,1f55229f,Zeng-xinyi,2025-09-30,16:41:55,-07:00,2025-09-30T16:41:55-07:00,0,4
index.html,4,html,1f55229f,Zeng-xinyi,2025-09-30,16:41:55,-07:00,2025-09-30T16:41:55-07:00,2,20
index.html,5,html,1f55229f,Zeng-xinyi,2025-09-30,16:41:55,-07:00,2025-09-30T16:41:55-07:00,2,68
index.html,6,html,1f55229f,Zeng-xinyi,2025-09-30,16:41:55,-07:00,2025-09-30T16:41:55-07:00,2,52
index.html,7,html,e802fe6b,Zeng-xinyi,2025-09-30,19:22:32,-07:00,2025-09-30T19:22:32-07:00,2,27
index.html,8,html,e802fe6b,Zeng-xinyi,2025-09-30,19:22:32,-07:00,2025-09-30T19:22:32-07:00,2,38
index.html,9,html,1f55229f,Zeng-xinyi,2025-09-30,16:41:55,-07:00,2025-09-30T16:41:55-07:00,0,5
index.html,10,html,1f55229f,Zeng-xinyi,2025-09-30,16:41:55,-07:00,2025-09-30T16:41:55-07:00,0,4
index.html,11,html,1f55229f,Zeng-xinyi,2025-09-30,16:41:55,-07:00,2025-09-30T16:41:55-07:00,2,17
index.html,12,html,04368e2c,Zeng-xinyi,2025-09-30,20:36:00,-07:00,2025-09-30T20:36:00-07:00,2,82
index.html,13,html,6ee1b883,Zeng-xinyi,2025-10-08,15:35:57,-07:00,2025-10-08T15:35:57-07:00,2,330
index.html,14,html,8a5c0092,Zeng-xinyi,2025-10-24,02:04:50,-07:00,2025-10-24T02:04:50-07:00,0,0
index.html,15,html,8a5c0092,Zeng-xinyi,2025-10-24,02:04:50,-07:00,2025-10-24T02:04:50-07:00,2,7
index.html,16,html,8a5c0092,Zeng-xinyi,2025-10-24,02:04:50,-07:00,2025-10-24T02:04:50-07:00,4,22
index.html,17,html,8a5c0092,Zeng-xinyi,2025-10-24,02:04:50,-07:00,2025-10-24T02:04:50-07:00,4,26
index.html,18,html,8a5c0092,Zeng-xinyi,2025-10-24,02:04:50,-07:00,2025-10-24T02:04:50-07:00,4,58
index.html,19,html,8a5c0092,Zeng-xinyi,2025-10-24,02:04:50,-07:00,2025-10-24T02:04:50-07:00,2,8
index.html,20,html,5db4bc6b,Zeng-xinyi,2025-10-24,02:36:38,-07:00,2025-10-24T02:36:38-07:00,2,7
index.html,21,html,5db4bc6b,Zeng-xinyi,2025-10-24,02:36:38,-07:00,2025-10-24T02:36:38-07:00,4,19
index.html,22,html,ce7045a6,Zeng-xinyi,2025-10-24,02:58:58,-07:00,2025-10-24T02:58:58-07:00,6,22
index.html,23,html,5db4bc6b,Zeng-xinyi,2025-10-24,02:36:38,-07:00,2025-10-24T02:36:38-07:00,6,33
index.html,24,html,ce7045a6,Zeng-xinyi,2025-10-24,02:58:58,-07:00,2025-10-24T02:58:58-07:00,6,4
index.html,25,html,ce7045a6,Zeng-xinyi,2025-10-24,02:58:58,-07:00,2025-10-24T02:58:58-07:00,2,8
index.html,26,html,8a5c0092,Zeng-xinyi,2025-10-24,02:04:50,-07:00,2025-10-24T02:04:50-07:00,0,0
index.html,27,html,8a5c0092,Zeng-xinyi,2025-10-24,02:04:50,-07:00,2025-10-24T02:04:50-07:00,0,47
index.html,28,html,8a5c0092,Zeng-xinyi,2025-10-24,02:04:50,-07:00,2025-10-24T02:04:50-07:00,0,54
index.html,29,html,8a5c0092,Zeng-xinyi,2025-10-24,02:04:50,-07:00,2025-10-24T02:04:50-07:00,0,52
index.html,30,html,8a5c0092,Zeng-xinyi,2025-10-24,02:04:50,-07:00,2025-10-24T02:04:50-07:00,0,0
index.html,31,html,1f55229f,Zeng-xinyi,2025-09-30,16:41:55,-07:00,2025-09-30T16:41:55-07:00,0,5
index.html,32,html,1f55229f,Zeng-xinyi,2025-09-30,16:41:55,-07:00,2025-09-30T16:41:55-07:00,0,5
global.js,1,js,8c055718,Zeng-xinyi,2025-10-16,11:09:45,-07:00,2025-10-16T11:09:45-07:00,0,25
global.js,2,js,8c055718,Zeng-xinyi,2025-10-16,11:09:45,-07:00,2025-10-16T11:09:45-07:00,0,0
global.js,3,js,8c055718,Zeng-xinyi,2025-10-16,11:09:45,-07:00,2025-10-16T11:09:45-07:00,0,41
global.js,4,js,8c055718,Zeng-xinyi,2025-10-16,11:09:45,-07:00,2025-10-16T11:09:45-07:00,1,52
global.js,5,js,3af596ad,Zeng-xinyi,2025-10-16,11:44:35,-07:00,2025-10-16T11:44:35-07:00,0,0
global.js,6,js,3af596ad,Zeng-xinyi,2025-10-16,11:44:35,-07:00,2025-10-16T11:44:35-07:00,0,0
global.js,7,js,3af596ad,Zeng-xinyi,2025-10-16,11:44:35,-07:00,2025-10-16T11:44:35-07:00,0,11
global.js,8,js,3af596ad,Zeng-xinyi,2025-10-16,11:44:35,-07:00,2025-10-16T11:44:35-07:00,1,25
global.js,9,js,3af596ad,Zeng-xinyi,2025-10-16,11:44:35,-07:00,2025-10-16T11:44:35-07:00,1,38
global.js,10,js,3af596ad,Zeng-xinyi,2025-10-16,11:44:35,-07:00,2025-10-16T11:44:35-07:00,1,30
global.js,11,js,3af596ad,Zeng-xinyi,2025-10-16,11:44:35,-07:00,2025-10-16T11:44:35-07:00,1,36
global.js,12,js,4ed35a14,Zeng-xinyi,2025-11-05,01:10:17,-08:00,2025-11-05T01:10:17-08:00,1,30
global.js,13,js,3af596ad,Zeng-xinyi,2025-10-16,11:44:35,-07:00,2025-10-16T11:44:35-07:00,1,55
global.js,14,js,3af596ad,Zeng-xinyi,2025-10-16,11:44:35,-07:00,2025-10-16T11:44:35-07:00,0,0
global.js,15,js,3af596ad,Zeng-xinyi,2025-10-16,11:44:35,-07:00,2025-10-16T11:44:35-07:00,0,0
global.js,16,js,3af596ad,Zeng-xinyi,2025-10-16,11:44:35,-07:00,2025-10-16T11:44:35-07:00,0,30
global.js,17,js,3af596ad,Zeng-xinyi,2025-10-16,11:44:35,-07:00,2025-10-16T11:44:35-07:00,0,88
global.js,18,js,3af596ad,Zeng-xinyi,2025-10-16,11:44:35,-07:00,2025-10-16T11:44:35-07:00,1,3
global.js,19,js,3af596ad,Zeng-xinyi,2025-10-16,11:44:35,-07:00,2025-10-16T11:44:35-07:00,1,14
global.js,20,js,3af596ad,Zeng-xinyi,2025-10-16,11:44:35,-07:00,2025-10-16T11:44:35-07:00,0,0
global.js,21,js,3af596ad,Zeng-xinyi,2025-10-16,11:44:35,-07:00,2025-10-16T11:44:35-07:00,0,38
global.js,22,js,3af596ad,Zeng-xinyi,2025-10-16,11:44:35,-07:00,2025-10-16T11:44:35-07:00,0,25
global.js,23,js,3af596ad,Zeng-xinyi,2025-10-16,11:44:35,-07:00,2025-10-16T11:44:35-07:00,0,0
global.js,24,js,3af596ad,Zeng-xinyi,2025-10-16,11:44:35,-07:00,2025-10-16T11:44:35-07:00,0,0
global.js,25,js,3af596ad,Zeng-xinyi,2025-10-16,11:44:35,-07:00,2025-10-16T11:44:35-07:00,0,20
global.js,26,js,3af596ad,Zeng-xinyi,2025-10-16,11:44:35,-07:00,2025-10-16T11:44:35-07:00,1,14
global.js,27,js,3af596ad,Zeng-xinyi,2025-10-16,11:44:35,-07:00,2025-10-16T11:44:35-07:00,1,18
global.js,28,js,3af596ad,Zeng-xinyi,2025-10-16,11:44:35,-07:00,2025-10-16T11:44:35-07:00,0,0
global.js,29,js,3af596ad,Zeng-xinyi,2025-10-16,11:44:35,-07:00,2025-10-16T11:44:35-07:00,1,28
global.js,30,js,3af596ad,Zeng-xinyi,2025-10-16,11:44:35,-07:00,2025-10-16T11:44:35-07:00,2,20
global.js,31,js,3af596ad,Zeng-xinyi,2025-10-16,11:44:35,-07:00,2025-10-16T11:44:35-07:00,1,0
global.js,32,js,3af596ad,Zeng-xinyi,2025-10-16,11:44:35,-07:00,2025-10-16T11:44:35-07:00,0,0
global.js,33,js,730d745f,Zeng-xinyi,2025-10-16,14:09:46,-07:00,2025-10-16T14:09:46-07:00,1,56
global.js,34,js,730d745f,Zeng-xinyi,2025-10-16,14:09:46,-07:00,2025-10-16T14:09:46-07:00,1,34
global.js,35,js,730d745f,Zeng-xinyi,2025-10-16,14:09:46,-07:00,2025-10-16T14:09:46-07:00,1,11
global.js,36,js,730d745f,Zeng-xinyi,2025-10-16,14:09:46,-07:00,2025-10-16T14:09:46-07:00,1,20
global.js,37,js,730d745f,Zeng-xinyi,2025-10-16,14:09:46,-07:00,2025-10-16T14:09:46-07:00,0,0
global.js,38,js,730d745f,Zeng-xinyi,2025-10-16,14:09:46,-07:00,2025-10-16T14:09:46-07:00,1,23
global.js,39,js,730d745f,Zeng-xinyi,2025-10-16,14:09:46,-07:00,2025-10-16T14:09:46-07:00,1,17
global.js,40,js,730d745f,Zeng-xinyi,2025-10-16,14:09:46,-07:00,2025-10-16T14:09:46-07:00,2,8
global.js,41,js,730d745f,Zeng-xinyi,2025-10-16,14:09:46,-07:00,2025-10-16T14:09:46-07:00,2,58
global.js,42,js,730d745f,Zeng-xinyi,2025-10-16,14:09:46,-07:00,2025-10-16T14:09:46-07:00,1,0
global.js,43,js,730d745f,Zeng-xinyi,2025-10-16,14:09:46,-07:00,2025-10-16T14:09:46-07:00,0,0
global.js,44,js,730d745f,Zeng-xinyi,2025-10-16,14:09:46,-07:00,2025-10-16T14:09:46-07:00,1,31
global.js,45,js,d4bad295,Zeng-xinyi,2025-10-16,14:19:20,-07:00,2025-10-16T14:19:20-07:00,1,29
global.js,46,js,d4bad295,Zeng-xinyi,2025-10-16,14:19:20,-07:00,2025-10-16T14:19:20-07:00,2,18
global.js,47,js,d4bad295,Zeng-xinyi,2025-10-16,14:19:20,-07:00,2025-10-16T14:19:20-07:00,2,70
global.js,48,js,d4bad295,Zeng-xinyi,2025-10-16,14:19:20,-07:00,2025-10-16T14:19:20-07:00,1,0
global.js,49,js,730d745f,Zeng-xinyi,2025-10-16,14:09:46,-07:00,2025-10-16T14:09:46-07:00,0,0
global.js,50,js,730d745f,Zeng-xinyi,2025-10-16,14:09:46,-07:00,2025-10-16T14:09:46-07:00,1,12
global.js,51,js,9618e5ae,Zeng-xinyi,2025-10-16,15:09:28,-07:00,2025-10-16T15:09:28-07:00,0,0
global.js,52,js,9618e5ae,Zeng-xinyi,2025-10-16,15:09:28,-07:00,2025-10-16T15:09:28-07:00,0,0
global.js,53,js,9618e5ae,Zeng-xinyi,2025-10-16,15:09:28,-07:00,2025-10-16T15:09:28-07:00,0,21
global.js,54,js,9618e5ae,Zeng-xinyi,2025-10-16,15:09:28,-07:00,2025-10-16T15:09:28-07:00,0,31
global.js,55,js,9618e5ae,Zeng-xinyi,2025-10-16,15:09:28,-07:00,2025-10-16T15:09:28-07:00,1,11
global.js,56,js,9618e5ae,Zeng-xinyi,2025-10-16,15:09:28,-07:00,2025-10-16T15:09:28-07:00,1,0
global.js,57,js,9618e5ae,Zeng-xinyi,2025-10-16,15:09:28,-07:00,2025-10-16T15:09:28-07:00,0,26
global.js,58,js,9618e5ae,Zeng-xinyi,2025-10-16,15:09:28,-07:00,2025-10-16T15:09:28-07:00,0,4
global.js,59,js,9618e5ae,Zeng-xinyi,2025-10-16,15:09:28,-07:00,2025-10-16T15:09:28-07:00,0,6
global.js,60,js,9618e5ae,Zeng-xinyi,2025-10-16,15:09:28,-07:00,2025-10-16T15:09:28-07:00,0,43
global.js,61,js,9618e5ae,Zeng-xinyi,2025-10-16,15:09:28,-07:00,2025-10-16T15:09:28-07:00,3,34
global.js,62,js,9618e5ae,Zeng-xinyi,2025-10-16,15:09:28,-07:00,2025-10-16T15:09:28-07:00,3,32
global.js,63,js,9618e5ae,Zeng-xinyi,2025-10-16,15:09:28,-07:00,2025-10-16T15:09:28-07:00,0,7
global.js,64,js,9618e5ae,Zeng-xinyi,2025-10-16,15:09:28,-07:00,2025-10-16T15:09:28-07:00,0,8
global.js,65,js,9618e5ae,Zeng-xinyi,2025-10-16,15:09:28,-07:00,2025-10-16T15:09:28-07:00,0,0
global.js,66,js,9618e5ae,Zeng-xinyi,2025-10-16,15:09:28,-07:00,2025-10-16T15:09:28-07:00,0,0
global.js,67,js,9618e5ae,Zeng-xinyi,2025-10-16,15:09:28,-07:00,2025-10-16T15:09:28-07:00,0,20
global.js,68,js,9618e5ae,Zeng-xinyi,2025-10-16,15:09:28,-07:00,2025-10-16T15:09:28-07:00,0,40
global.js,69,js,9618e5ae,Zeng-xinyi,2025-10-16,15:09:28,-07:00,2025-10-16T15:09:28-07:00,0,60
global.js,70,js,9618e5ae,Zeng-xinyi,2025-10-16,15:09:28,-07:00,2025-10-16T15:09:28-07:00,0,0
global.js,71,js,9618e5ae,Zeng-xinyi,2025-10-16,15:09:28,-07:00,2025-10-16T15:09:28-07:00,0,38
global.js,72,js,9618e5ae,Zeng-xinyi,2025-10-16,15:09:28,-07:00,2025-10-16T15:09:28-07:00,0,47
global.js,73,js,9618e5ae,Zeng-xinyi,2025-10-16,15:09:28,-07:00,2025-10-16T15:09:28-07:00,0,15
global.js,74,js,9618e5ae,Zeng-xinyi,2025-10-16,15:09:28,-07:00,2025-10-16T15:09:28-07:00,1,54
global.js,75,js,9618e5ae,Zeng-xinyi,2025-10-16,15:09:28,-07:00,2025-10-16T15:09:28-07:00,1,24
global.js,76,js,9618e5ae,Zeng-xinyi,2025-10-16,15:09:28,-07:00,2025-10-16T15:09:28-07:00,0,0
global.js,77,js,9618e5ae,Zeng-xinyi,2025-10-16,15:09:28,-07:00,2025-10-16T15:09:28-07:00,0,0
global.js,78,js,9618e5ae,Zeng-xinyi,2025-10-16,15:09:28,-07:00,2025-10-16T15:09:28-07:00,0,53
global.js,79,js,9618e5ae,Zeng-xinyi,2025-10-16,15:09:28,-07:00,2025-10-16T15:09:28-07:00,0,44
global.js,80,js,9618e5ae,Zeng-xinyi,2025-10-16,15:09:28,-07:00,2025-10-16T15:09:28-07:00,1,31
global.js,81,js,9618e5ae,Zeng-xinyi,2025-10-16,15:09:28,-07:00,2025-10-16T15:09:28-07:00,1,49
global.js,82,js,9618e5ae,Zeng-xinyi,2025-10-16,15:09:28,-07:00,2025-10-16T15:09:28-07:00,1,35
global.js,83,js,9ba39a4c,Zeng-xinyi,2025-10-16,15:37:14,-07:00,2025-10-16T15:37:14-07:00,0,1
global.js,84,js,9ba39a4c,Zeng-xinyi,2025-10-16,15:37:14,-07:00,2025-10-16T15:37:14-07:00,0,0
global.js,85,js,9ba39a4c,Zeng-xinyi,2025-10-16,15:37:14,-07:00,2025-10-16T15:37:14-07:00,0,42
global.js,86,js,9ba39a4c,Zeng-xinyi,2025-10-16,15:37:14,-07:00,2025-10-16T15:37:14-07:00,0,43
global.js,87,js,9ba39a4c,Zeng-xinyi,2025-10-16,15:37:14,-07:00,2025-10-16T15:37:14-07:00,1,21
global.js,88,js,9ba39a4c,Zeng-xinyi,2025-10-16,15:37:14,-07:00,2025-10-16T15:37:14-07:00,1,30
global.js,89,js,9ba39a4c,Zeng-xinyi,2025-10-16,15:37:14,-07:00,2025-10-16T15:37:14-07:00,1,26
global.js,90,js,9ba39a4c,Zeng-xinyi,2025-10-16,15:37:14,-07:00,2025-10-16T15:37:14-07:00,1,16
global.js,91,js,9ba39a4c,Zeng-xinyi,2025-10-16,15:37:14,-07:00,2025-10-16T15:37:14-07:00,1,31
global.js,92,js,9ba39a4c,Zeng-xinyi,2025-10-16,15:37:14,-07:00,2025-10-16T15:37:14-07:00,2,24
global.js,93,js,9ba39a4c,Zeng-xinyi,2025-10-16,15:37:14,-07:00,2025-10-16T15:37:14-07:00,3,50
global.js,94,js,9ba39a4c,Zeng-xinyi,2025-10-16,15:37:14,-07:00,2025-10-16T15:37:14-07:00,2,0
global.js,95,js,9ba39a4c,Zeng-xinyi,2025-10-16,15:37:14,-07:00,2025-10-16T15:37:14-07:00,1,0
global.js,96,js,9ba39a4c,Zeng-xinyi,2025-10-16,15:37:14,-07:00,2025-10-16T15:37:14-07:00,1,22
global.js,97,js,9ba39a4c,Zeng-xinyi,2025-10-16,15:37:14,-07:00,2025-10-16T15:37:14-07:00,1,18
global.js,98,js,8a5c0092,Zeng-xinyi,2025-10-24,02:04:50,-07:00,2025-10-24T02:04:50-07:00,0,1
global.js,99,js,8a5c0092,Zeng-xinyi,2025-10-24,02:04:50,-07:00,2025-10-24T02:04:50-07:00,0,0
global.js,100,js,8a5c0092,Zeng-xinyi,2025-10-24,02:04:50,-07:00,2025-10-24T02:04:50-07:00,0,36
global.js,101,js,8a5c0092,Zeng-xinyi,2025-10-24,02:04:50,-07:00,2025-10-24T02:04:50-07:00,1,3
global.js,102,js,8a5c0092,Zeng-xinyi,2025-10-24,02:04:50,-07:00,2025-10-24T02:04:50-07:00,2,39
global.js,103,js,8a5c0092,Zeng-xinyi,2025-10-24,02:04:50,-07:00,2025-10-24T02:04:50-07:00,2,32
global.js,104,js,8a5c0092,Zeng-xinyi,2025-10-24,02:04:50,-07:00,2025-10-24T02:04:50-07:00,2,0
global.js,105,js,8a5c0092,Zeng-xinyi,2025-10-24,02:04:50,-07:00,2025-10-24T02:04:50-07:00,2,36
global.js,106,js,8a5c0092,Zeng-xinyi,2025-10-24,02:04:50,-07:00,2025-10-24T02:04:50-07:00,2,17
global.js,107,js,8a5c0092,Zeng-xinyi,2025-10-24,02:04:50,-07:00,2025-10-24T02:04:50-07:00,3,66
global.js,108,js,8a5c0092,Zeng-xinyi,2025-10-24,02:04:50,-07:00,2025-10-24T02:04:50-07:00,2,0
global.js,109,js,8a5c0092,Zeng-xinyi,2025-10-24,02:04:50,-07:00,2025-10-24T02:04:50-07:00,2,33
global.js,110,js,8a5c0092,Zeng-xinyi,2025-10-24,02:04:50,-07:00,2025-10-24T02:04:50-07:00,2,10
global.js,111,js,8a5c0092,Zeng-xinyi,2025-10-24,02:04:50,-07:00,2025-10-24T02:04:50-07:00,0,0
global.js,112,js,8a5c0092,Zeng-xinyi,2025-10-24,02:04:50,-07:00,2025-10-24T02:04:50-07:00,1,15
global.js,113,js,8a5c0092,Zeng-xinyi,2025-10-24,02:04:50,-07:00,2025-10-24T02:04:50-07:00,2,59
global.js,114,js,8a5c0092,Zeng-xinyi,2025-10-24,02:04:50,-07:00,2025-10-24T02:04:50-07:00,2,35
global.js,115,js,8a5c0092,Zeng-xinyi,2025-10-24,02:04:50,-07:00,2025-10-24T02:04:50-07:00,1,0
global.js,116,js,8a5c0092,Zeng-xinyi,2025-10-24,02:04:50,-07:00,2025-10-24T02:04:50-07:00,0,0
global.js,117,js,8a5c0092,Zeng-xinyi,2025-10-24,02:04:50,-07:00,2025-10-24T02:04:50-07:00,0,0
global.js,118,js,8a5c0092,Zeng-xinyi,2025-10-24,02:04:50,-07:00,2025-10-24T02:04:50-07:00,0,79
global.js,119,js,8a5c0092,Zeng-xinyi,2025-10-24,02:04:50,-07:00,2025-10-24T02:04:50-07:00,1,92
global.js,120,js,8a5c0092,Zeng-xinyi,2025-10-24,02:04:50,-07:00,2025-10-24T02:04:50-07:00,1,31
global.js,121,js,8a5c0092,Zeng-xinyi,2025-10-24,02:04:50,-07:00,2025-10-24T02:04:50-07:00,0,0
global.js,122,js,8a5c0092,Zeng-xinyi,2025-10-24,02:04:50,-07:00,2025-10-24T02:04:50-07:00,1,28
global.js,123,js,8a5c0092,Zeng-xinyi,2025-10-24,02:04:50,-07:00,2025-10-24T02:04:50-07:00,1,64
global.js,124,js,8a5c0092,Zeng-xinyi,2025-10-24,02:04:50,-07:00,2025-10-24T02:04:50-07:00,2,69
global.js,125,js,8a5c0092,Zeng-xinyi,2025-10-24,02:04:50,-07:00,2025-10-24T02:04:50-07:00,2,5
global.js,126,js,8a5c0092,Zeng-xinyi,2025-10-24,02:04:50,-07:00,2025-10-24T02:04:50-07:00,1,0
global.js,127,js,8a5c0092,Zeng-xinyi,2025-10-24,02:04:50,-07:00,2025-10-24T02:04:50-07:00,1,29
global.js,128,js,8a5c0092,Zeng-xinyi,2025-10-24,02:04:50,-07:00,2025-10-24T02:04:50-07:00,2,57
global.js,129,js,8a5c0092,Zeng-xinyi,2025-10-24,02:04:50,-07:00,2025-10-24T02:04:50-07:00,2,5
global.js,130,js,8a5c0092,Zeng-xinyi,2025-10-24,02:04:50,-07:00,2025-10-24T02:04:50-07:00,1,0
global.js,131,js,8a5c0092,Zeng-xinyi,2025-10-24,02:04:50,-07:00,2025-10-24T02:04:50-07:00,1,36
global.js,132,js,8a5c0092,Zeng-xinyi,2025-10-24,02:04:50,-07:00,2025-10-24T02:04:50-07:00,1,35
global.js,133,js,8a5c0092,Zeng-xinyi,2025-10-24,02:04:50,-07:00,2025-10-24T02:04:50-07:00,2,82
global.js,134,js,8a5c0092,Zeng-xinyi,2025-10-24,02:04:50,-07:00,2025-10-24T02:04:50-07:00,2,18
global.js,135,js,8a5c0092,Zeng-xinyi,2025-10-24,02:04:50,-07:00,2025-10-24T02:04:50-07:00,1,0
global.js,136,js,8a5c0092,Zeng-xinyi,2025-10-24,02:04:50,-07:00,2025-10-24T02:04:50-07:00,0,0
global.js,137,js,8a5c0092,Zeng-xinyi,2025-10-24,02:04:50,-07:00,2025-10-24T02:04:50-07:00,1,47
global.js,138,js,8a5c0092,Zeng-xinyi,2025-10-24,02:04:50,-07:00,2025-10-24T02:04:50-07:00,1,30
global.js,139,js,8a5c0092,Zeng-xinyi,2025-10-24,02:04:50,-07:00,2025-10-24T02:04:50-07:00,1,30
global.js,140,js,8a5c0092,Zeng-xinyi,2025-10-24,02:04:50,-07:00,2025-10-24T02:04:50-07:00,1,26
global.js,141,js,8a5c0092,Zeng-xinyi,2025-10-24,02:04:50,-07:00,2025-10-24T02:04:50-07:00,2,36
global.js,142,js,8a5c0092,Zeng-xinyi,2025-10-24,02:04:50,-07:00,2025-10-24T02:04:50-07:00,2,39
global.js,143,js,8a5c0092,Zeng-xinyi,2025-10-24,02:04:50,-07:00,2025-10-24T02:04:50-07:00,2,30
global.js,144,js,8a5c0092,Zeng-xinyi,2025-10-24,02:04:50,-07:00,2025-10-24T02:04:50-07:00,2,5
global.js,145,js,8a5c0092,Zeng-xinyi,2025-10-24,02:04:50,-07:00,2025-10-24T02:04:50-07:00,1,0
global.js,146,js,8a5c0092,Zeng-xinyi,2025-10-24,02:04:50,-07:00,2025-10-24T02:04:50-07:00,0,0
global.js,147,js,8a5c0092,Zeng-xinyi,2025-10-24,02:04:50,-07:00,2025-10-24T02:04:50-07:00,1,49
global.js,148,js,8a5c0092,Zeng-xinyi,2025-10-24,02:04:50,-07:00,2025-10-24T02:04:50-07:00,1,17
global.js,149,js,8a5c0092,Zeng-xinyi,2025-10-24,02:04:50,-07:00,2025-10-24T02:04:50-07:00,1,31
global.js,150,js,8a5c0092,Zeng-xinyi,2025-10-24,02:04:50,-07:00,2025-10-24T02:04:50-07:00,2,48
global.js,151,js,8a5c0092,Zeng-xinyi,2025-10-24,02:04:50,-07:00,2025-10-24T02:04:50-07:00,2,9
global.js,152,js,8a5c0092,Zeng-xinyi,2025-10-24,02:04:50,-07:00,2025-10-24T02:04:50-07:00,2,52
global.js,153,js,8a5c0092,Zeng-xinyi,2025-10-24,02:04:50,-07:00,2025-10-24T02:04:50-07:00,2,58
global.js,154,js,8a5c0092,Zeng-xinyi,2025-10-24,02:04:50,-07:00,2025-10-24T02:04:50-07:00,2,41
global.js,155,js,8a5c0092,Zeng-xinyi,2025-10-24,02:04:50,-07:00,2025-10-24T02:04:50-07:00,0,0
global.js,156,js,8a5c0092,Zeng-xinyi,2025-10-24,02:04:50,-07:00,2025-10-24T02:04:50-07:00,2,51
global.js,157,js,8a5c0092,Zeng-xinyi,2025-10-24,02:04:50,-07:00,2025-10-24T02:04:50-07:00,2,30
global.js,158,js,8a5c0092,Zeng-xinyi,2025-10-24,02:04:50,-07:00,2025-10-24T02:04:50-07:00,2,34
global.js,159,js,8a5c0092,Zeng-xinyi,2025-10-24,02:04:50,-07:00,2025-10-24T02:04:50-07:00,2,44
global.js,160,js,8a5c0092,Zeng-xinyi,2025-10-24,02:04:50,-07:00,2025-10-24T02:04:50-07:00,2,27
global.js,161,js,8a5c0092,Zeng-xinyi,2025-10-24,02:04:50,-07:00,2025-10-24T02:04:50-07:00,0,0
global.js,162,js,8a5c0092,Zeng-xinyi,2025-10-24,02:04:50,-07:00,2025-10-24T02:04:50-07:00,2,6
global.js,163,js,8a5c0092,Zeng-xinyi,2025-10-24,02:04:50,-07:00,2025-10-24T02:04:50-07:00,2,40
global.js,164,js,8a5c0092,Zeng-xinyi,2025-10-24,02:04:50,-07:00,2025-10-24T02:04:50-07:00,2,15
global.js,165,js,8a5c0092,Zeng-xinyi,2025-10-24,02:04:50,-07:00,2025-10-24T02:04:50-07:00,2,18
global.js,166,js,8a5c0092,Zeng-xinyi,2025-10-24,02:04:50,-07:00,2025-10-24T02:04:50-07:00,2,19
global.js,167,js,8a5c0092,Zeng-xinyi,2025-10-24,02:04:50,-07:00,2025-10-24T02:04:50-07:00,2,35
global.js,168,js,8a5c0092,Zeng-xinyi,2025-10-24,02:04:50,-07:00,2025-10-24T02:04:50-07:00,3,36
global.js,169,js,8a5c0092,Zeng-xinyi,2025-10-24,02:04:50,-07:00,2025-10-24T02:04:50-07:00,2,1
global.js,170,js,8a5c0092,Zeng-xinyi,2025-10-24,02:04:50,-07:00,2025-10-24T02:04:50-07:00,2,23
global.js,171,js,8a5c0092,Zeng-xinyi,2025-10-24,02:04:50,-07:00,2025-10-24T02:04:50-07:00,0,0
global.js,172,js,8a5c0092,Zeng-xinyi,2025-10-24,02:04:50,-07:00,2025-10-24T02:04:50-07:00,2,13
global.js,173,js,7801b3a4,Zeng-xinyi,2025-10-31,03:02:09,-07:00,2025-10-31T03:02:09-07:00,2,16
global.js,174,js,7801b3a4,Zeng-xinyi,2025-10-31,03:02:09,-07:00,2025-10-31T03:02:09-07:00,2,5
global.js,175,js,7801b3a4,Zeng-xinyi,2025-10-31,03:02:09,-07:00,2025-10-31T03:02:09-07:00,2,9
global.js,176,js,7801b3a4,Zeng-xinyi,2025-10-31,03:02:09,-07:00,2025-10-31T03:02:09-07:00,2,32
global.js,177,js,7801b3a4,Zeng-xinyi,2025-10-31,03:02:09,-07:00,2025-10-31T03:02:09-07:00,2,6
global.js,178,js,7801b3a4,Zeng-xinyi,2025-10-31,03:02:09,-07:00,2025-10-31T03:02:09-07:00,2,48
global.js,179,js,7801b3a4,Zeng-xinyi,2025-10-31,03:02:09,-07:00,2025-10-31T03:02:09-07:00,0,0
global.js,180,js,8a5c0092,Zeng-xinyi,2025-10-24,02:04:50,-07:00,2025-10-24T02:04:50-07:00,2,36
global.js,181,js,8a5c0092,Zeng-xinyi,2025-10-24,02:04:50,-07:00,2025-10-24T02:04:50-07:00,2,23
global.js,182,js,7801b3a4,Zeng-xinyi,2025-10-31,03:02:09,-07:00,2025-10-31T03:02:09-07:00,2,25
global.js,183,js,7801b3a4,Zeng-xinyi,2025-10-31,03:02:09,-07:00,2025-10-31T03:02:09-07:00,0,0
global.js,184,js,7801b3a4,Zeng-xinyi,2025-10-31,03:02:09,-07:00,2025-10-31T03:02:09-07:00,2,17
global.js,185,js,7801b3a4,Zeng-xinyi,2025-10-31,03:02:09,-07:00,2025-10-31T03:02:09-07:00,3,39
global.js,186,js,7801b3a4,Zeng-xinyi,2025-10-31,03:02:09,-07:00,2025-10-31T03:02:09-07:00,3,30
global.js,187,js,7801b3a4,Zeng-xinyi,2025-10-31,03:02:09,-07:00,2025-10-31T03:02:09-07:00,3,33
global.js,188,js,7801b3a4,Zeng-xinyi,2025-10-31,03:02:09,-07:00,2025-10-31T03:02:09-07:00,3,28
global.js,189,js,7801b3a4,Zeng-xinyi,2025-10-31,03:02:09,-07:00,2025-10-31T03:02:09-07:00,2,0
global.js,190,js,7801b3a4,Zeng-xinyi,2025-10-31,03:02:09,-07:00,2025-10-31T03:02:09-07:00,0,0
global.js,191,js,7801b3a4,Zeng-xinyi,2025-10-31,03:02:09,-07:00,2025-10-31T03:02:09-07:00,2,31
global.js,192,js,8a5c0092,Zeng-xinyi,2025-10-24,02:04:50,-07:00,2025-10-24T02:04:50-07:00,0,0
global.js,193,js,8a5c0092,Zeng-xinyi,2025-10-24,02:04:50,-07:00,2025-10-24T02:04:50-07:00,2,28
global.js,194,js,8a5c0092,Zeng-xinyi,2025-10-24,02:04:50,-07:00,2025-10-24T02:04:50-07:00,1,0
global.js,195,js,8a5c0092,Zeng-xinyi,2025-10-24,02:04:50,-07:00,2025-10-24T02:04:50-07:00,0,0
global.js,196,js,8a5c0092,Zeng-xinyi,2025-10-24,02:04:50,-07:00,2025-10-24T02:04:50-07:00,1,37
global.js,197,js,5db4bc6b,Zeng-xinyi,2025-10-24,02:36:38,-07:00,2025-10-24T02:36:38-07:00,0,0
global.js,198,js,5db4bc6b,Zeng-xinyi,2025-10-24,02:36:38,-07:00,2025-10-24T02:36:38-07:00,0,0
global.js,199,js,5db4bc6b,Zeng-xinyi,2025-10-24,02:36:38,-07:00,2025-10-24T02:36:38-07:00,0,24
global.js,200,js,5db4bc6b,Zeng-xinyi,2025-10-24,02:36:38,-07:00,2025-10-24T02:36:38-07:00,0,47
global.js,201,js,5db4bc6b,Zeng-xinyi,2025-10-24,02:36:38,-07:00,2025-10-24T02:36:38-07:00,1,3
global.js,202,js,5db4bc6b,Zeng-xinyi,2025-10-24,02:36:38,-07:00,2025-10-24T02:36:38-07:00,2,71
global.js,203,js,5db4bc6b,Zeng-xinyi,2025-10-24,02:36:38,-07:00,2025-10-24T02:36:38-07:00,0,0
global.js,204,js,5db4bc6b,Zeng-xinyi,2025-10-24,02:36:38,-07:00,2025-10-24T02:36:38-07:00,2,17
global.js,205,js,5db4bc6b,Zeng-xinyi,2025-10-24,02:36:38,-07:00,2025-10-24T02:36:38-07:00,3,52
global.js,206,js,5db4bc6b,Zeng-xinyi,2025-10-24,02:36:38,-07:00,2025-10-24T02:36:38-07:00,2,0
global.js,207,js,5db4bc6b,Zeng-xinyi,2025-10-24,02:36:38,-07:00,2025-10-24T02:36:38-07:00,0,0
global.js,208,js,5db4bc6b,Zeng-xinyi,2025-10-24,02:36:38,-07:00,2025-10-24T02:36:38-07:00,2,33
global.js,209,js,5db4bc6b,Zeng-xinyi,2025-10-24,02:36:38,-07:00,2025-10-24T02:36:38-07:00,2,10
global.js,210,js,5db4bc6b,Zeng-xinyi,2025-10-24,02:36:38,-07:00,2025-10-24T02:36:38-07:00,0,0
global.js,211,js,5db4bc6b,Zeng-xinyi,2025-10-24,02:36:38,-07:00,2025-10-24T02:36:38-07:00,1,15
global.js,212,js,5db4bc6b,Zeng-xinyi,2025-10-24,02:36:38,-07:00,2025-10-24T02:36:38-07:00,2,50
global.js,213,js,5db4bc6b,Zeng-xinyi,2025-10-24,02:36:38,-07:00,2025-10-24T02:36:38-07:00,2,10
global.js,214,js,5db4bc6b,Zeng-xinyi,2025-10-24,02:36:38,-07:00,2025-10-24T02:36:38-07:00,1,0
global.js,215,js,ce7045a6,Zeng-xinyi,2025-10-24,02:58:58,-07:00,2025-10-24T02:58:58-07:00,0,0
global.js,216,js,ce7045a6,Zeng-xinyi,2025-10-24,02:58:58,-07:00,2025-10-24T02:58:58-07:00,0,0
global.js,217,js,ce7045a6,Zeng-xinyi,2025-10-24,02:58:58,-07:00,2025-10-24T02:58:58-07:00,0,0
resume\index.html,1,html,f41c80b7,Zeng-xinyi,2025-09-30,22:06:03,-07:00,2025-09-30T22:06:03-07:00,0,13
resume\index.html,2,html,f41c80b7,Zeng-xinyi,2025-09-30,22:06:03,-07:00,2025-09-30T22:06:03-07:00,0,14
resume\index.html,3,html,f41c80b7,Zeng-xinyi,2025-09-30,22:06:03,-07:00,2025-09-30T22:06:03-07:00,0,4
resume\index.html,4,html,f41c80b7,Zeng-xinyi,2025-09-30,22:06:03,-07:00,2025-09-30T22:06:03-07:00,2,20
resume\index.html,5,html,f41c80b7,Zeng-xinyi,2025-09-30,22:06:03,-07:00,2025-09-30T22:06:03-07:00,2,68
resume\index.html,6,html,dd99fb76,Zeng-xinyi,2025-09-30,22:28:31,-07:00,2025-09-30T22:28:31-07:00,2,32
resume\index.html,7,html,dd99fb76,Zeng-xinyi,2025-09-30,22:28:31,-07:00,2025-09-30T22:28:31-07:00,2,41
resume\index.html,8,html,f41c80b7,Zeng-xinyi,2025-09-30,22:06:03,-07:00,2025-09-30T22:06:03-07:00,0,5
resume\index.html,9,html,f41c80b7,Zeng-xinyi,2025-09-30,22:06:03,-07:00,2025-09-30T22:06:03-07:00,0,4
resume\index.html,10,html,dd99fb76,Zeng-xinyi,2025-09-30,22:28:31,-07:00,2025-09-30T22:28:31-07:00,0,0
resume\index.html,11,html,f41c80b7,Zeng-xinyi,2025-09-30,22:06:03,-07:00,2025-09-30T22:06:03-07:00,2,16
resume\index.html,12,html,6c0debaf,Zeng-xinyi,2025-09-30,22:10:40,-07:00,2025-09-30T22:10:40-07:00,0,0
resume\index.html,13,html,dd99fb76,Zeng-xinyi,2025-09-30,22:28:31,-07:00,2025-09-30T22:28:31-07:00,2,7
resume\index.html,14,html,dd99fb76,Zeng-xinyi,2025-09-30,22:28:31,-07:00,2025-09-30T22:28:31-07:00,4,16
resume\index.html,15,html,dd99fb76,Zeng-xinyi,2025-09-30,22:28:31,-07:00,2025-09-30T22:28:31-07:00,4,7
resume\index.html,16,html,dd99fb76,Zeng-xinyi,2025-09-30,22:28:31,-07:00,2025-09-30T22:28:31-07:00,6,66
resume\index.html,17,html,98a6d0c1,Zeng-xinyi,2025-09-30,22:44:44,-07:00,2025-09-30T22:44:44-07:00,6,176
resume\index.html,18,html,dd99fb76,Zeng-xinyi,2025-09-30,22:28:31,-07:00,2025-09-30T22:28:31-07:00,6,86
resume\index.html,19,html,dd99fb76,Zeng-xinyi,2025-09-30,22:28:31,-07:00,2025-09-30T22:28:31-07:00,6,2
resume\index.html,20,html,dd99fb76,Zeng-xinyi,2025-09-30,22:28:31,-07:00,2025-09-30T22:28:31-07:00,8,28
resume\index.html,21,html,dd99fb76,Zeng-xinyi,2025-09-30,22:28:31,-07:00,2025-09-30T22:28:31-07:00,8,26
resume\index.html,22,html,dd99fb76,Zeng-xinyi,2025-09-30,22:28:31,-07:00,2025-09-30T22:28:31-07:00,6,3
resume\index.html,23,html,dd99fb76,Zeng-xinyi,2025-09-30,22:28:31,-07:00,2025-09-30T22:28:31-07:00,4,8
resume\index.html,24,html,dd99fb76,Zeng-xinyi,2025-09-30,22:28:31,-07:00,2025-09-30T22:28:31-07:00,4,7
resume\index.html,25,html,dd99fb76,Zeng-xinyi,2025-09-30,22:28:31,-07:00,2025-09-30T22:28:31-07:00,6,31
resume\index.html,26,html,dd99fb76,Zeng-xinyi,2025-09-30,22:28:31,-07:00,2025-09-30T22:28:31-07:00,6,69
resume\index.html,27,html,dd99fb76,Zeng-xinyi,2025-09-30,22:28:31,-07:00,2025-09-30T22:28:31-07:00,6,86
resume\index.html,28,html,dd99fb76,Zeng-xinyi,2025-09-30,22:28:31,-07:00,2025-09-30T22:28:31-07:00,4,8
resume\index.html,29,html,dd99fb76,Zeng-xinyi,2025-09-30,22:28:31,-07:00,2025-09-30T22:28:31-07:00,4,7
resume\index.html,30,html,dd99fb76,Zeng-xinyi,2025-09-30,22:28:31,-07:00,2025-09-30T22:28:31-07:00,6,24
resume\index.html,31,html,dd99fb76,Zeng-xinyi,2025-09-30,22:28:31,-07:00,2025-09-30T22:28:31-07:00,6,65
resume\index.html,32,html,dd99fb76,Zeng-xinyi,2025-09-30,22:28:31,-07:00,2025-09-30T22:28:31-07:00,6,86
resume\index.html,33,html,dd99fb76,Zeng-xinyi,2025-09-30,22:28:31,-07:00,2025-09-30T22:28:31-07:00,4,8
resume\index.html,34,html,dd99fb76,Zeng-xinyi,2025-09-30,22:28:31,-07:00,2025-09-30T22:28:31-07:00,2,8
resume\index.html,35,html,dd99fb76,Zeng-xinyi,2025-09-30,22:28:31,-07:00,2025-09-30T22:28:31-07:00,0,0
resume\index.html,36,html,dd99fb76,Zeng-xinyi,2025-09-30,22:28:31,-07:00,2025-09-30T22:28:31-07:00,2,7
resume\index.html,37,html,dd99fb76,Zeng-xinyi,2025-09-30,22:28:31,-07:00,2025-09-30T22:28:31-07:00,4,15
resume\index.html,38,html,dd99fb76,Zeng-xinyi,2025-09-30,22:28:31,-07:00,2025-09-30T22:28:31-07:00,4,7
resume\index.html,39,html,615f5091,Zeng-xinyi,2025-10-10,00:27:53,-07:00,2025-10-10T00:27:53-07:00,6,48
resume\index.html,40,html,dd99fb76,Zeng-xinyi,2025-09-30,22:28:31,-07:00,2025-09-30T22:28:31-07:00,6,46
resume\index.html,41,html,dd99fb76,Zeng-xinyi,2025-09-30,22:28:31,-07:00,2025-09-30T22:28:31-07:00,6,86
resume\index.html,42,html,dd99fb76,Zeng-xinyi,2025-09-30,22:28:31,-07:00,2025-09-30T22:28:31-07:00,6,2
resume\index.html,43,html,dd99fb76,Zeng-xinyi,2025-09-30,22:28:31,-07:00,2025-09-30T22:28:31-07:00,8,218
resume\index.html,44,html,dd99fb76,Zeng-xinyi,2025-09-30,22:28:31,-07:00,2025-09-30T22:28:31-07:00,8,135
resume\index.html,45,html,dd99fb76,Zeng-xinyi,2025-09-30,22:28:31,-07:00,2025-09-30T22:28:31-07:00,8,138
resume\index.html,46,html,dd99fb76,Zeng-xinyi,2025-09-30,22:28:31,-07:00,2025-09-30T22:28:31-07:00,8,127
resume\index.html,47,html,dd99fb76,Zeng-xinyi,2025-09-30,22:28:31,-07:00,2025-09-30T22:28:31-07:00,6,3
resume\index.html,48,html,39fa62d0,Zeng-xinyi,2025-10-08,15:19:27,-07:00,2025-10-08T15:19:27-07:00,6,91
resume\index.html,49,html,dd99fb76,Zeng-xinyi,2025-09-30,22:28:31,-07:00,2025-09-30T22:28:31-07:00,4,8
resume\index.html,50,html,dd99fb76,Zeng-xinyi,2025-09-30,22:28:31,-07:00,2025-09-30T22:28:31-07:00,2,8
resume\index.html,51,html,dd99fb76,Zeng-xinyi,2025-09-30,22:28:31,-07:00,2025-09-30T22:28:31-07:00,0,0
resume\index.html,52,html,dd99fb76,Zeng-xinyi,2025-09-30,22:28:31,-07:00,2025-09-30T22:28:31-07:00,2,7
resume\index.html,53,html,dd99fb76,Zeng-xinyi,2025-09-30,22:28:31,-07:00,2025-09-30T22:28:31-07:00,4,19
resume\index.html,54,html,dd99fb76,Zeng-xinyi,2025-09-30,22:28:31,-07:00,2025-09-30T22:28:31-07:00,4,7
resume\index.html,55,html,dd99fb76,Zeng-xinyi,2025-09-30,22:28:31,-07:00,2025-09-30T22:28:31-07:00,6,16
resume\index.html,56,html,dd99fb76,Zeng-xinyi,2025-09-30,22:28:31,-07:00,2025-09-30T22:28:31-07:00,6,39
resume\index.html,57,html,dd99fb76,Zeng-xinyi,2025-09-30,22:28:31,-07:00,2025-09-30T22:28:31-07:00,6,47
resume\index.html,58,html,dd99fb76,Zeng-xinyi,2025-09-30,22:28:31,-07:00,2025-09-30T22:28:31-07:00,6,86
resume\index.html,59,html,dd99fb76,Zeng-xinyi,2025-09-30,22:28:31,-07:00,2025-09-30T22:28:31-07:00,6,2
resume\index.html,60,html,dd99fb76,Zeng-xinyi,2025-09-30,22:28:31,-07:00,2025-09-30T22:28:31-07:00,8,91
resume\index.html,61,html,dd99fb76,Zeng-xinyi,2025-09-30,22:28:31,-07:00,2025-09-30T22:28:31-07:00,8,155
resume\index.html,62,html,dd99fb76,Zeng-xinyi,2025-09-30,22:28:31,-07:00,2025-09-30T22:28:31-07:00,8,167
resume\index.html,63,html,dd99fb76,Zeng-xinyi,2025-09-30,22:28:31,-07:00,2025-09-30T22:28:31-07:00,8,127
resume\index.html,64,html,dd99fb76,Zeng-xinyi,2025-09-30,22:28:31,-07:00,2025-09-30T22:28:31-07:00,8,170
resume\index.html,65,html,dd99fb76,Zeng-xinyi,2025-09-30,22:28:31,-07:00,2025-09-30T22:28:31-07:00,6,3
resume\index.html,66,html,39fa62d0,Zeng-xinyi,2025-10-08,15:19:27,-07:00,2025-10-08T15:19:27-07:00,6,100
resume\index.html,67,html,dd99fb76,Zeng-xinyi,2025-09-30,22:28:31,-07:00,2025-09-30T22:28:31-07:00,4,8
resume\index.html,68,html,dd99fb76,Zeng-xinyi,2025-09-30,22:28:31,-07:00,2025-09-30T22:28:31-07:00,4,7
resume\index.html,69,html,dd99fb76,Zeng-xinyi,2025-09-30,22:28:31,-07:00,2025-09-30T22:28:31-07:00,6,39
resume\index.html,70,html,dd99fb76,Zeng-xinyi,2025-09-30,22:28:31,-07:00,2025-09-30T22:28:31-07:00,6,20
resume\index.html,71,html,dd99fb76,Zeng-xinyi,2025-09-30,22:28:31,-07:00,2025-09-30T22:28:31-07:00,6,44
resume\index.html,72,html,dd99fb76,Zeng-xinyi,2025-09-30,22:28:31,-07:00,2025-09-30T22:28:31-07:00,6,97
resume\index.html,73,html,dd99fb76,Zeng-xinyi,2025-09-30,22:28:31,-07:00,2025-09-30T22:28:31-07:00,6,2
resume\index.html,74,html,dd99fb76,Zeng-xinyi,2025-09-30,22:28:31,-07:00,2025-09-30T22:28:31-07:00,8,81
resume\index.html,75,html,dd99fb76,Zeng-xinyi,2025-09-30,22:28:31,-07:00,2025-09-30T22:28:31-07:00,8,96
resume\index.html,76,html,dd99fb76,Zeng-xinyi,2025-09-30,22:28:31,-07:00,2025-09-30T22:28:31-07:00,8,93
resume\index.html,77,html,dd99fb76,Zeng-xinyi,2025-09-30,22:28:31,-07:00,2025-09-30T22:28:31-07:00,8,96
resume\index.html,78,html,dd99fb76,Zeng-xinyi,2025-09-30,22:28:31,-07:00,2025-09-30T22:28:31-07:00,6,3
resume\index.html,79,html,39fa62d0,Zeng-xinyi,2025-10-08,15:19:27,-07:00,2025-10-08T15:19:27-07:00,6,85
resume\index.html,80,html,dd99fb76,Zeng-xinyi,2025-09-30,22:28:31,-07:00,2025-09-30T22:28:31-07:00,4,8
resume\index.html,81,html,dd99fb76,Zeng-xinyi,2025-09-30,22:28:31,-07:00,2025-09-30T22:28:31-07:00,2,8
resume\index.html,82,html,dd99fb76,Zeng-xinyi,2025-09-30,22:28:31,-07:00,2025-09-30T22:28:31-07:00,0,0
resume\index.html,83,html,dd99fb76,Zeng-xinyi,2025-09-30,22:28:31,-07:00,2025-09-30T22:28:31-07:00,2,7
resume\index.html,84,html,dd99fb76,Zeng-xinyi,2025-09-30,22:28:31,-07:00,2025-09-30T22:28:31-07:00,4,22
resume\index.html,85,html,dd99fb76,Zeng-xinyi,2025-09-30,22:28:31,-07:00,2025-09-30T22:28:31-07:00,4,2
resume\index.html,86,html,dd99fb76,Zeng-xinyi,2025-09-30,22:28:31,-07:00,2025-09-30T22:28:31-07:00,6,95
resume\index.html,87,html,dd99fb76,Zeng-xinyi,2025-09-30,22:28:31,-07:00,2025-09-30T22:28:31-07:00,6,89
resume\index.html,88,html,dd99fb76,Zeng-xinyi,2025-09-30,22:28:31,-07:00,2025-09-30T22:28:31-07:00,6,75
resume\index.html,89,html,dd99fb76,Zeng-xinyi,2025-09-30,22:28:31,-07:00,2025-09-30T22:28:31-07:00,6,138
resume\index.html,90,html,dd99fb76,Zeng-xinyi,2025-09-30,22:28:31,-07:00,2025-09-30T22:28:31-07:00,4,3
resume\index.html,91,html,dd99fb76,Zeng-xinyi,2025-09-30,22:28:31,-07:00,2025-09-30T22:28:31-07:00,2,8
resume\index.html,92,html,8c055718,Zeng-xinyi,2025-10-16,11:09:45,-07:00,2025-10-16T11:09:45-07:00,0,48
resume\index.html,93,html,f41c80b7,Zeng-xinyi,2025-09-30,22:06:03,-07:00,2025-09-30T22:06:03-07:00,0,5
resume\index.html,94,html,f41c80b7,Zeng-xinyi,2025-09-30,22:06:03,-07:00,2025-09-30T22:06:03-07:00,0,5
projects\projects.js,1,js,8a5c0092,Zeng-xinyi,2025-10-24,02:04:50,-07:00,2025-10-24T02:04:50-07:00,0,55
projects\projects.js,2,js,10dc05f5,Zeng-xinyi,2025-10-31,03:19:07,-07:00,2025-10-31T03:19:07-07:00,0,63
projects\projects.js,3,js,10dc05f5,Zeng-xinyi,2025-10-31,03:19:07,-07:00,2025-10-31T03:19:07-07:00,0,0
projects\projects.js,4,js,8a5c0092,Zeng-xinyi,2025-10-24,02:04:50,-07:00,2025-10-24T02:04:50-07:00,0,0
projects\projects.js,5,js,8a5c0092,Zeng-xinyi,2025-10-24,02:04:50,-07:00,2025-10-24T02:04:50-07:00,0,70
projects\projects.js,6,js,1af57a50,Zeng-xinyi,2025-10-31,17:47:38,-07:00,2025-10-31T17:47:38-07:00,0,58
projects\projects.js,7,js,8a5c0092,Zeng-xinyi,2025-10-24,02:04:50,-07:00,2025-10-24T02:04:50-07:00,0,0
projects\projects.js,8,js,8a5c0092,Zeng-xinyi,2025-10-24,02:04:50,-07:00,2025-10-24T02:04:50-07:00,0,60
projects\projects.js,9,js,1af57a50,Zeng-xinyi,2025-10-31,17:47:38,-07:00,2025-10-31T17:47:38-07:00,0,61
projects\projects.js,10,js,1af57a50,Zeng-xinyi,2025-10-31,17:47:38,-07:00,2025-10-31T17:47:38-07:00,0,55
projects\projects.js,11,js,8a5c0092,Zeng-xinyi,2025-10-24,02:04:50,-07:00,2025-10-24T02:04:50-07:00,0,0
projects\projects.js,12,js,1af57a50,Zeng-xinyi,2025-10-31,17:47:38,-07:00,2025-10-31T17:47:38-07:00,0,19
projects\projects.js,13,js,1af57a50,Zeng-xinyi,2025-10-31,17:47:38,-07:00,2025-10-31T17:47:38-07:00,0,22
projects\projects.js,14,js,8a5c0092,Zeng-xinyi,2025-10-24,02:04:50,-07:00,2025-10-24T02:04:50-07:00,0,0
projects\projects.js,15,js,1af57a50,Zeng-xinyi,2025-10-31,17:47:38,-07:00,2025-10-31T17:47:38-07:00,0,22
projects\projects.js,16,js,1af57a50,Zeng-xinyi,2025-10-31,17:47:38,-07:00,2025-10-31T17:47:38-07:00,1,28
projects\projects.js,17,js,1af57a50,Zeng-xinyi,2025-10-31,17:47:38,-07:00,2025-10-31T17:47:38-07:00,2,41
projects\projects.js,18,js,1af57a50,Zeng-xinyi,2025-10-31,17:47:38,-07:00,2025-10-31T17:47:38-07:00,1,0
projects\projects.js,19,js,1af57a50,Zeng-xinyi,2025-10-31,17:47:38,-07:00,2025-10-31T17:47:38-07:00,0,0
projects\projects.js,20,js,1af57a50,Zeng-xinyi,2025-10-31,17:47:38,-07:00,2025-10-31T17:47:38-07:00,0,0
projects\projects.js,21,js,1af57a50,Zeng-xinyi,2025-10-31,17:47:38,-07:00,2025-10-31T17:47:38-07:00,0,25
projects\projects.js,22,js,1af57a50,Zeng-xinyi,2025-10-31,17:47:38,-07:00,2025-10-31T17:47:38-07:00,1,25
projects\projects.js,23,js,1af57a50,Zeng-xinyi,2025-10-31,17:47:38,-07:00,2025-10-31T17:47:38-07:00,1,17
projects\projects.js,24,js,1af57a50,Zeng-xinyi,2025-10-31,17:47:38,-07:00,2025-10-31T17:47:38-07:00,2,47
projects\projects.js,25,js,1af57a50,Zeng-xinyi,2025-10-31,17:47:38,-07:00,2025-10-31T17:47:38-07:00,1,0
projects\projects.js,26,js,1af57a50,Zeng-xinyi,2025-10-31,17:47:38,-07:00,2025-10-31T17:47:38-07:00,1,10
projects\projects.js,27,js,1af57a50,Zeng-xinyi,2025-10-31,17:47:38,-07:00,2025-10-31T17:47:38-07:00,0,0
projects\projects.js,28,js,1af57a50,Zeng-xinyi,2025-10-31,17:47:38,-07:00,2025-10-31T17:47:38-07:00,0,0
projects\projects.js,29,js,1af57a50,Zeng-xinyi,2025-10-31,17:47:38,-07:00,2025-10-31T17:47:38-07:00,0,25
projects\projects.js,30,js,1af57a50,Zeng-xinyi,2025-10-31,17:47:38,-07:00,2025-10-31T17:47:38-07:00,1,29
projects\projects.js,31,js,1af57a50,Zeng-xinyi,2025-10-31,17:47:38,-07:00,2025-10-31T17:47:38-07:00,1,35
projects\projects.js,32,js,1af57a50,Zeng-xinyi,2025-10-31,17:47:38,-07:00,2025-10-31T17:47:38-07:00,0,0
projects\projects.js,33,js,1af57a50,Zeng-xinyi,2025-10-31,17:47:38,-07:00,2025-10-31T17:47:38-07:00,1,51
projects\projects.js,34,js,1af57a50,Zeng-xinyi,2025-10-31,17:47:38,-07:00,2025-10-31T17:47:38-07:00,1,23
projects\projects.js,35,js,1af57a50,Zeng-xinyi,2025-10-31,17:47:38,-07:00,2025-10-31T17:47:38-07:00,0,0
projects\projects.js,36,js,1af57a50,Zeng-xinyi,2025-10-31,17:47:38,-07:00,2025-10-31T17:47:38-07:00,1,17
projects\projects.js,37,js,1af57a50,Zeng-xinyi,2025-10-31,17:47:38,-07:00,2025-10-31T17:47:38-07:00,2,17
projects\projects.js,38,js,1af57a50,Zeng-xinyi,2025-10-31,17:47:38,-07:00,2025-10-31T17:47:38-07:00,3,77
projects\projects.js,39,js,1af57a50,Zeng-xinyi,2025-10-31,17:47:38,-07:00,2025-10-31T17:47:38-07:00,2,6
projects\projects.js,40,js,1af57a50,Zeng-xinyi,2025-10-31,17:47:38,-07:00,2025-10-31T17:47:38-07:00,3,58
projects\projects.js,41,js,1af57a50,Zeng-xinyi,2025-10-31,17:47:38,-07:00,2025-10-31T17:47:38-07:00,2,0
projects\projects.js,42,js,1af57a50,Zeng-xinyi,2025-10-31,17:47:38,-07:00,2025-10-31T17:47:38-07:00,1,0
projects\projects.js,43,js,10dc05f5,Zeng-xinyi,2025-10-31,03:19:07,-07:00,2025-10-31T03:19:07-07:00,0,0
projects\projects.js,44,js,10dc05f5,Zeng-xinyi,2025-10-31,03:19:07,-07:00,2025-10-31T03:19:07-07:00,0,0
projects\projects.js,45,js,1af57a50,Zeng-xinyi,2025-10-31,17:47:38,-07:00,2025-10-31T17:47:38-07:00,0,0
projects\projects.js,46,js,1af57a50,Zeng-xinyi,2025-10-31,17:47:38,-07:00,2025-10-31T17:47:38-07:00,0,0
projects\projects.js,47,js,db35c966,Zeng-xinyi,2025-10-31,03:50:58,-07:00,2025-10-31T03:50:58-07:00,0,45
projects\projects.js,48,js,db35c966,Zeng-xinyi,2025-10-31,03:50:58,-07:00,2025-10-31T03:50:58-07:00,0,45
projects\projects.js,49,js,db35c966,Zeng-xinyi,2025-10-31,03:50:58,-07:00,2025-10-31T03:50:58-07:00,0,45
projects\projects.js,50,js,db35c966,Zeng-xinyi,2025-10-31,03:50:58,-07:00,2025-10-31T03:50:58-07:00,0,0
projects\projects.js,51,js,db35c966,Zeng-xinyi,2025-10-31,03:50:58,-07:00,2025-10-31T03:50:58-07:00,0,33
projects\projects.js,52,js,db35c966,Zeng-xinyi,2025-10-31,03:50:58,-07:00,2025-10-31T03:50:58-07:00,0,30
projects\projects.js,53,js,db35c966,Zeng-xinyi,2025-10-31,03:50:58,-07:00,2025-10-31T03:50:58-07:00,0,18
projects\projects.js,54,js,db35c966,Zeng-xinyi,2025-10-31,03:50:58,-07:00,2025-10-31T03:50:58-07:00,0,20
projects\projects.js,55,js,db35c966,Zeng-xinyi,2025-10-31,03:50:58,-07:00,2025-10-31T03:50:58-07:00,0,0
projects\projects.js,56,js,db35c966,Zeng-xinyi,2025-10-31,03:50:58,-07:00,2025-10-31T03:50:58-07:00,0,39
projects\projects.js,57,js,db35c966,Zeng-xinyi,2025-10-31,03:50:58,-07:00,2025-10-31T03:50:58-07:00,0,31
projects\projects.js,58,js,db35c966,Zeng-xinyi,2025-10-31,03:50:58,-07:00,2025-10-31T03:50:58-07:00,0,17
projects\projects.js,59,js,db35c966,Zeng-xinyi,2025-10-31,03:50:58,-07:00,2025-10-31T03:50:58-07:00,0,24
projects\projects.js,60,js,db35c966,Zeng-xinyi,2025-10-31,03:50:58,-07:00,2025-10-31T03:50:58-07:00,0,4
projects\projects.js,61,js,db35c966,Zeng-xinyi,2025-10-31,03:50:58,-07:00,2025-10-31T03:50:58-07:00,0,0
projects\projects.js,62,js,db35c966,Zeng-xinyi,2025-10-31,03:50:58,-07:00,2025-10-31T03:50:58-07:00,0,26
projects\projects.js,63,js,db35c966,Zeng-xinyi,2025-10-31,03:50:58,-07:00,2025-10-31T03:50:58-07:00,0,19
projects\projects.js,64,js,db35c966,Zeng-xinyi,2025-10-31,03:50:58,-07:00,2025-10-31T03:50:58-07:00,0,22
projects\projects.js,65,js,db35c966,Zeng-xinyi,2025-10-31,03:50:58,-07:00,2025-10-31T03:50:58-07:00,0,24
projects\projects.js,66,js,db35c966,Zeng-xinyi,2025-10-31,03:50:58,-07:00,2025-10-31T03:50:58-07:00,0,0
projects\projects.js,67,js,db35c966,Zeng-xinyi,2025-10-31,03:50:58,-07:00,2025-10-31T03:50:58-07:00,0,32
projects\projects.js,68,js,5cac85ab,Zeng-xinyi,2025-10-31,04:46:29,-07:00,2025-10-31T04:46:29-07:00,0,45
projects\projects.js,69,js,5cac85ab,Zeng-xinyi,2025-10-31,04:46:29,-07:00,2025-10-31T04:46:29-07:00,0,62
projects\projects.js,70,js,5cac85ab,Zeng-xinyi,2025-10-31,04:46:29,-07:00,2025-10-31T04:46:29-07:00,0,53
projects\projects.js,71,js,5cac85ab,Zeng-xinyi,2025-10-31,04:46:29,-07:00,2025-10-31T04:46:29-07:00,0,0
projects\projects.js,72,js,5cac85ab,Zeng-xinyi,2025-10-31,04:46:29,-07:00,2025-10-31T04:46:29-07:00,0,36
projects\projects.js,73,js,5cac85ab,Zeng-xinyi,2025-10-31,04:46:29,-07:00,2025-10-31T04:46:29-07:00,0,29
projects\projects.js,74,js,5cac85ab,Zeng-xinyi,2025-10-31,04:46:29,-07:00,2025-10-31T04:46:29-07:00,0,12
projects\projects.js,75,js,5cac85ab,Zeng-xinyi,2025-10-31,04:46:29,-07:00,2025-10-31T04:46:29-07:00,0,19
projects\projects.js,76,js,5cac85ab,Zeng-xinyi,2025-10-31,04:46:29,-07:00,2025-10-31T04:46:29-07:00,0,16
projects\projects.js,77,js,5cac85ab,Zeng-xinyi,2025-10-31,04:46:29,-07:00,2025-10-31T04:46:29-07:00,0,3
projects\projects.js,78,js,5cac85ab,Zeng-xinyi,2025-10-31,04:46:29,-07:00,2025-10-31T04:46:29-07:00,0,0
projects\projects.js,79,js,5cac85ab,Zeng-xinyi,2025-10-31,04:46:29,-07:00,2025-10-31T04:46:29-07:00,0,51
projects\projects.js,80,js,5cac85ab,Zeng-xinyi,2025-10-31,04:46:29,-07:00,2025-10-31T04:46:29-07:00,0,47
projects\projects.js,81,js,5cac85ab,Zeng-xinyi,2025-10-31,04:46:29,-07:00,2025-10-31T04:46:29-07:00,0,40
projects\projects.js,82,js,5cac85ab,Zeng-xinyi,2025-10-31,04:46:29,-07:00,2025-10-31T04:46:29-07:00,0,4
projects\projects.js,83,js,5cac85ab,Zeng-xinyi,2025-10-31,04:46:29,-07:00,2025-10-31T04:46:29-07:00,0,0
projects\projects.js,84,js,5cac85ab,Zeng-xinyi,2025-10-31,04:46:29,-07:00,2025-10-31T04:46:29-07:00,0,38
projects\projects.js,85,js,5cac85ab,Zeng-xinyi,2025-10-31,04:46:29,-07:00,2025-10-31T04:46:29-07:00,0,52
projects\projects.js,86,js,5cac85ab,Zeng-xinyi,2025-10-31,04:46:29,-07:00,2025-10-31T04:46:29-07:00,0,0
projects\projects.js,87,js,5cac85ab,Zeng-xinyi,2025-10-31,04:46:29,-07:00,2025-10-31T04:46:29-07:00,0,30
projects\projects.js,88,js,5cac85ab,Zeng-xinyi,2025-10-31,04:46:29,-07:00,2025-10-31T04:46:29-07:00,0,21
projects\projects.js,89,js,5cac85ab,Zeng-xinyi,2025-10-31,04:46:29,-07:00,2025-10-31T04:46:29-07:00,0,32
projects\projects.js,90,js,5cac85ab,Zeng-xinyi,2025-10-31,04:46:29,-07:00,2025-10-31T04:46:29-07:00,0,31
projects\projects.js,91,js,5cac85ab,Zeng-xinyi,2025-10-31,04:46:29,-07:00,2025-10-31T04:46:29-07:00,0,29
projects\projects.js,92,js,5cac85ab,Zeng-xinyi,2025-10-31,04:46:29,-07:00,2025-10-31T04:46:29-07:00,0,32
projects\projects.js,93,js,5cac85ab,Zeng-xinyi,2025-10-31,04:46:29,-07:00,2025-10-31T04:46:29-07:00,0,4
projects\projects.js,94,js,5cac85ab,Zeng-xinyi,2025-10-31,04:46:29,-07:00,2025-10-31T04:46:29-07:00,0,0
projects\projects.js,95,js,5cac85ab,Zeng-xinyi,2025-10-31,04:46:29,-07:00,2025-10-31T04:46:29-07:00,0,0
projects\projects.js,96,js,5cac85ab,Zeng-xinyi,2025-10-31,04:46:29,-07:00,2025-10-31T04:46:29-07:00,0,29
projects\projects.js,97,js,5cac85ab,Zeng-xinyi,2025-10-31,04:46:29,-07:00,2025-10-31T04:46:29-07:00,0,31
projects\projects.js,98,js,5cac85ab,Zeng-xinyi,2025-10-31,04:46:29,-07:00,2025-10-31T04:46:29-07:00,0,0
projects\projects.js,99,js,5cac85ab,Zeng-xinyi,2025-10-31,04:46:29,-07:00,2025-10-31T04:46:29-07:00,0,37
projects\projects.js,100,js,5cac85ab,Zeng-xinyi,2025-10-31,04:46:29,-07:00,2025-10-31T04:46:29-07:00,0,0
projects\projects.js,101,js,5cac85ab,Zeng-xinyi,2025-10-31,04:46:29,-07:00,2025-10-31T04:46:29-07:00,0,27
projects\projects.js,102,js,5cac85ab,Zeng-xinyi,2025-10-31,04:46:29,-07:00,2025-10-31T04:46:29-07:00,0,22
projects\projects.js,103,js,5cac85ab,Zeng-xinyi,2025-10-31,04:46:29,-07:00,2025-10-31T04:46:29-07:00,0,34
projects\projects.js,104,js,5cac85ab,Zeng-xinyi,2025-10-31,04:46:29,-07:00,2025-10-31T04:46:29-07:00,0,46
projects\projects.js,105,js,5cac85ab,Zeng-xinyi,2025-10-31,04:46:29,-07:00,2025-10-31T04:46:29-07:00,0,95
projects\projects.js,106,js,5cac85ab,Zeng-xinyi,2025-10-31,04:46:29,-07:00,2025-10-31T04:46:29-07:00,0,4
projects\projects.js,107,js,db35c966,Zeng-xinyi,2025-10-31,03:50:58,-07:00,2025-10-31T03:50:58-07:00,0,0
projects\projects.js,108,js,09767e65,Zeng-xinyi,2025-10-31,06:10:22,-07:00,2025-10-31T06:10:22-07:00,0,0
projects\projects.js,109,js,1af57a50,Zeng-xinyi,2025-10-31,17:47:38,-07:00,2025-10-31T17:47:38-07:00,0,29
projects\projects.js,110,js,5cac85ab,Zeng-xinyi,2025-10-31,04:46:29,-07:00,2025-10-31T04:46:29-07:00,1,42
projects\projects.js,111,js,5cac85ab,Zeng-xinyi,2025-10-31,04:46:29,-07:00,2025-10-31T04:46:29-07:00,1,34
projects\projects.js,112,js,5cac85ab,Zeng-xinyi,2025-10-31,04:46:29,-07:00,2025-10-31T04:46:29-07:00,0,0
projects\projects.js,113,js,09767e65,Zeng-xinyi,2025-10-31,06:10:22,-07:00,2025-10-31T06:10:22-07:00,1,26
projects\projects.js,114,js,09767e65,Zeng-xinyi,2025-10-31,06:10:22,-07:00,2025-10-31T06:10:22-07:00,1,29
projects\projects.js,115,js,1af57a50,Zeng-xinyi,2025-10-31,17:47:38,-07:00,2025-10-31T17:47:38-07:00,1,28
projects\projects.js,116,js,1af57a50,Zeng-xinyi,2025-10-31,17:47:38,-07:00,2025-10-31T17:47:38-07:00,0,0
projects\projects.js,117,js,1af57a50,Zeng-xinyi,2025-10-31,17:47:38,-07:00,2025-10-31T17:47:38-07:00,1,58
projects\projects.js,118,js,1af57a50,Zeng-xinyi,2025-10-31,17:47:38,-07:00,2025-10-31T17:47:38-07:00,1,77
projects\projects.js,119,js,1af57a50,Zeng-xinyi,2025-10-31,17:47:38,-07:00,2025-10-31T17:47:38-07:00,1,0
projects\projects.js,120,js,1af57a50,Zeng-xinyi,2025-10-31,17:47:38,-07:00,2025-10-31T17:47:38-07:00,1,43
projects\projects.js,121,js,1af57a50,Zeng-xinyi,2025-10-31,17:47:38,-07:00,2025-10-31T17:47:38-07:00,1,49
projects\projects.js,122,js,1af57a50,Zeng-xinyi,2025-10-31,17:47:38,-07:00,2025-10-31T17:47:38-07:00,1,39
projects\projects.js,123,js,1af57a50,Zeng-xinyi,2025-10-31,17:47:38,-07:00,2025-10-31T17:47:38-07:00,1,54
projects\projects.js,124,js,1af57a50,Zeng-xinyi,2025-10-31,17:47:38,-07:00,2025-10-31T17:47:38-07:00,0,0
projects\projects.js,125,js,1af57a50,Zeng-xinyi,2025-10-31,17:47:38,-07:00,2025-10-31T17:47:38-07:00,1,44
projects\projects.js,126,js,1af57a50,Zeng-xinyi,2025-10-31,17:47:38,-07:00,2025-10-31T17:47:38-07:00,1,80
projects\projects.js,127,js,1af57a50,Zeng-xinyi,2025-10-31,17:47:38,-07:00,2025-10-31T17:47:38-07:00,0,0
projects\projects.js,128,js,1af57a50,Zeng-xinyi,2025-10-31,17:47:38,-07:00,2025-10-31T17:47:38-07:00,1,30
projects\projects.js,129,js,1af57a50,Zeng-xinyi,2025-10-31,17:47:38,-07:00,2025-10-31T17:47:38-07:00,1,17
projects\projects.js,130,js,1af57a50,Zeng-xinyi,2025-10-31,17:47:38,-07:00,2025-10-31T17:47:38-07:00,1,6
projects\projects.js,131,js,1af57a50,Zeng-xinyi,2025-10-31,17:47:38,-07:00,2025-10-31T17:47:38-07:00,1,13
projects\projects.js,132,js,1af57a50,Zeng-xinyi,2025-10-31,17:47:38,-07:00,2025-10-31T17:47:38-07:00,1,13
projects\projects.js,133,js,1af57a50,Zeng-xinyi,2025-10-31,17:47:38,-07:00,2025-10-31T17:47:38-07:00,1,32
projects\projects.js,134,js,1af57a50,Zeng-xinyi,2025-10-31,17:47:38,-07:00,2025-10-31T17:47:38-07:00,1,66
projects\projects.js,135,js,1af57a50,Zeng-xinyi,2025-10-31,17:47:38,-07:00,2025-10-31T17:47:38-07:00,1,22
projects\projects.js,136,js,1af57a50,Zeng-xinyi,2025-10-31,17:47:38,-07:00,2025-10-31T17:47:38-07:00,1,22
projects\projects.js,137,js,1af57a50,Zeng-xinyi,2025-10-31,17:47:38,-07:00,2025-10-31T17:47:38-07:00,1,25
projects\projects.js,138,js,1af57a50,Zeng-xinyi,2025-10-31,17:47:38,-07:00,2025-10-31T17:47:38-07:00,1,26
projects\projects.js,139,js,1af57a50,Zeng-xinyi,2025-10-31,17:47:38,-07:00,2025-10-31T17:47:38-07:00,2,31
projects\projects.js,140,js,1af57a50,Zeng-xinyi,2025-10-31,17:47:38,-07:00,2025-10-31T17:47:38-07:00,2,65
projects\projects.js,141,js,1af57a50,Zeng-xinyi,2025-10-31,17:47:38,-07:00,2025-10-31T17:47:38-07:00,2,15
projects\projects.js,142,js,09767e65,Zeng-xinyi,2025-10-31,06:10:22,-07:00,2025-10-31T06:10:22-07:00,1,1
projects\projects.js,143,js,1af57a50,Zeng-xinyi,2025-10-31,17:47:38,-07:00,2025-10-31T17:47:38-07:00,1,40
projects\projects.js,144,js,1af57a50,Zeng-xinyi,2025-10-31,17:47:38,-07:00,2025-10-31T17:47:38-07:00,2,12
projects\projects.js,145,js,1af57a50,Zeng-xinyi,2025-10-31,17:47:38,-07:00,2025-10-31T17:47:38-07:00,2,6
projects\projects.js,146,js,1af57a50,Zeng-xinyi,2025-10-31,17:47:38,-07:00,2025-10-31T17:47:38-07:00,2,11
projects\projects.js,147,js,1af57a50,Zeng-xinyi,2025-10-31,17:47:38,-07:00,2025-10-31T17:47:38-07:00,2,84
projects\projects.js,148,js,1af57a50,Zeng-xinyi,2025-10-31,17:47:38,-07:00,2025-10-31T17:47:38-07:00,2,46
projects\projects.js,149,js,1af57a50,Zeng-xinyi,2025-10-31,17:47:38,-07:00,2025-10-31T17:47:38-07:00,2,72
projects\projects.js,150,js,1af57a50,Zeng-xinyi,2025-10-31,17:47:38,-07:00,2025-10-31T17:47:38-07:00,2,22
projects\projects.js,151,js,1af57a50,Zeng-xinyi,2025-10-31,17:47:38,-07:00,2025-10-31T17:47:38-07:00,3,57
projects\projects.js,152,js,1af57a50,Zeng-xinyi,2025-10-31,17:47:38,-07:00,2025-10-31T17:47:38-07:00,3,15
projects\projects.js,153,js,1af57a50,Zeng-xinyi,2025-10-31,17:47:38,-07:00,2025-10-31T17:47:38-07:00,2,1
projects\projects.js,154,js,1af57a50,Zeng-xinyi,2025-10-31,17:47:38,-07:00,2025-10-31T17:47:38-07:00,0,0
projects\projects.js,155,js,1af57a50,Zeng-xinyi,2025-10-31,17:47:38,-07:00,2025-10-31T17:47:38-07:00,1,49
projects\projects.js,156,js,1af57a50,Zeng-xinyi,2025-10-31,17:47:38,-07:00,2025-10-31T17:47:38-07:00,1,41
projects\projects.js,157,js,1af57a50,Zeng-xinyi,2025-10-31,17:47:38,-07:00,2025-10-31T17:47:38-07:00,1,59
projects\projects.js,158,js,1af57a50,Zeng-xinyi,2025-10-31,17:47:38,-07:00,2025-10-31T17:47:38-07:00,1,21
projects\projects.js,159,js,1af57a50,Zeng-xinyi,2025-10-31,17:47:38,-07:00,2025-10-31T17:47:38-07:00,0,0
projects\projects.js,160,js,1af57a50,Zeng-xinyi,2025-10-31,17:47:38,-07:00,2025-10-31T17:47:38-07:00,1,26
projects\projects.js,161,js,1af57a50,Zeng-xinyi,2025-10-31,17:47:38,-07:00,2025-10-31T17:47:38-07:00,1,5
projects\projects.js,162,js,1af57a50,Zeng-xinyi,2025-10-31,17:47:38,-07:00,2025-10-31T17:47:38-07:00,1,19
projects\projects.js,163,js,1af57a50,Zeng-xinyi,2025-10-31,17:47:38,-07:00,2025-10-31T17:47:38-07:00,1,33
projects\projects.js,164,js,1af57a50,Zeng-xinyi,2025-10-31,17:47:38,-07:00,2025-10-31T17:47:38-07:00,1,28
projects\projects.js,165,js,1af57a50,Zeng-xinyi,2025-10-31,17:47:38,-07:00,2025-10-31T17:47:38-07:00,1,57
projects\projects.js,166,js,1af57a50,Zeng-xinyi,2025-10-31,17:47:38,-07:00,2025-10-31T17:47:38-07:00,1,26
projects\projects.js,167,js,1af57a50,Zeng-xinyi,2025-10-31,17:47:38,-07:00,2025-10-31T17:47:38-07:00,1,24
projects\projects.js,168,js,1af57a50,Zeng-xinyi,2025-10-31,17:47:38,-07:00,2025-10-31T17:47:38-07:00,1,51
projects\projects.js,169,js,1af57a50,Zeng-xinyi,2025-10-31,17:47:38,-07:00,2025-10-31T17:47:38-07:00,0,0
projects\projects.js,170,js,1af57a50,Zeng-xinyi,2025-10-31,17:47:38,-07:00,2025-10-31T17:47:38-07:00,1,53
projects\projects.js,171,js,1af57a50,Zeng-xinyi,2025-10-31,17:47:38,-07:00,2025-10-31T17:47:38-07:00,1,47
projects\projects.js,172,js,1af57a50,Zeng-xinyi,2025-10-31,17:47:38,-07:00,2025-10-31T17:47:38-07:00,1,8
projects\projects.js,173,js,1af57a50,Zeng-xinyi,2025-10-31,17:47:38,-07:00,2025-10-31T17:47:38-07:00,0,0
projects\projects.js,174,js,1af57a50,Zeng-xinyi,2025-10-31,17:47:38,-07:00,2025-10-31T17:47:38-07:00,1,54
projects\projects.js,175,js,1af57a50,Zeng-xinyi,2025-10-31,17:47:38,-07:00,2025-10-31T17:47:38-07:00,1,70
projects\projects.js,176,js,1af57a50,Zeng-xinyi,2025-10-31,17:47:38,-07:00,2025-10-31T17:47:38-07:00,1,8
projects\projects.js,177,js,1af57a50,Zeng-xinyi,2025-10-31,17:47:38,-07:00,2025-10-31T17:47:38-07:00,0,0
projects\projects.js,178,js,1af57a50,Zeng-xinyi,2025-10-31,17:47:38,-07:00,2025-10-31T17:47:38-07:00,1,44
projects\projects.js,179,js,1af57a50,Zeng-xinyi,2025-10-31,17:47:38,-07:00,2025-10-31T17:47:38-07:00,1,33
projects\projects.js,180,js,1af57a50,Zeng-xinyi,2025-10-31,17:47:38,-07:00,2025-10-31T17:47:38-07:00,1,58
projects\projects.js,181,js,1af57a50,Zeng-xinyi,2025-10-31,17:47:38,-07:00,2025-10-31T17:47:38-07:00,1,65
projects\projects.js,182,js,1af57a50,Zeng-xinyi,2025-10-31,17:47:38,-07:00,2025-10-31T17:47:38-07:00,1,14
projects\projects.js,183,js,1af57a50,Zeng-xinyi,2025-10-31,17:47:38,-07:00,2025-10-31T17:47:38-07:00,1,55
projects\projects.js,184,js,1af57a50,Zeng-xinyi,2025-10-31,17:47:38,-07:00,2025-10-31T17:47:38-07:00,1,47
projects\projects.js,185,js,1af57a50,Zeng-xinyi,2025-10-31,17:47:38,-07:00,2025-10-31T17:47:38-07:00,1,40
projects\projects.js,186,js,1af57a50,Zeng-xinyi,2025-10-31,17:47:38,-07:00,2025-10-31T17:47:38-07:00,1,10
projects\projects.js,187,js,1af57a50,Zeng-xinyi,2025-10-31,17:47:38,-07:00,2025-10-31T17:47:38-07:00,0,0
projects\projects.js,188,js,1af57a50,Zeng-xinyi,2025-10-31,17:47:38,-07:00,2025-10-31T17:47:38-07:00,1,64
projects\projects.js,189,js,1af57a50,Zeng-xinyi,2025-10-31,17:47:38,-07:00,2025-10-31T17:47:38-07:00,1,90
projects\projects.js,190,js,1af57a50,Zeng-xinyi,2025-10-31,17:47:38,-07:00,2025-10-31T17:47:38-07:00,1,7
projects\projects.js,191,js,1af57a50,Zeng-xinyi,2025-10-31,17:47:38,-07:00,2025-10-31T17:47:38-07:00,1,7
projects\projects.js,192,js,1af57a50,Zeng-xinyi,2025-10-31,17:47:38,-07:00,2025-10-31T17:47:38-07:00,1,3
projects\projects.js,193,js,be8c9320,Zeng-xinyi,2025-10-31,13:51:25,-07:00,2025-10-31T13:51:25-07:00,0,0
projects\projects.js,194,js,be8c9320,Zeng-xinyi,2025-10-31,13:51:25,-07:00,2025-10-31T13:51:25-07:00,0,0
projects\projects.js,195,js,1af57a50,Zeng-xinyi,2025-10-31,17:47:38,-07:00,2025-10-31T17:47:38-07:00,0,42
projects\projects.js,196,js,1af57a50,Zeng-xinyi,2025-10-31,17:47:38,-07:00,2025-10-31T17:47:38-07:00,1,48
projects\projects.js,197,js,1af57a50,Zeng-xinyi,2025-10-31,17:47:38,-07:00,2025-10-31T17:47:38-07:00,1,15
projects\projects.js,198,js,1af57a50,Zeng-xinyi,2025-10-31,17:47:38,-07:00,2025-10-31T17:47:38-07:00,0,1
projects\projects.js,199,js,be8c9320,Zeng-xinyi,2025-10-31,13:51:25,-07:00,2025-10-31T13:51:25-07:00,0,0
projects\projects.js,200,js,be8c9320,Zeng-xinyi,2025-10-31,13:51:25,-07:00,2025-10-31T13:51:25-07:00,0,0
projects\projects.js,201,js,1af57a50,Zeng-xinyi,2025-10-31,17:47:38,-07:00,2025-10-31T17:47:38-07:00,0,15
projects\projects.js,202,js,db35c966,Zeng-xinyi,2025-10-31,03:50:58,-07:00,2025-10-31T03:50:58-07:00,0,0
projects\projects.js,203,js,1af57a50,Zeng-xinyi,2025-10-31,17:47:38,-07:00,2025-10-31T17:47:38-07:00,0,25
projects\projects.js,204,js,db35c966,Zeng-xinyi,2025-10-31,03:50:58,-07:00,2025-10-31T03:50:58-07:00,0,0
projects\projects.js,205,js,db35c966,Zeng-xinyi,2025-10-31,03:50:58,-07:00,2025-10-31T03:50:58-07:00,0,0
projects\projects.js,206,js,1af57a50,Zeng-xinyi,2025-10-31,17:47:38,-07:00,2025-10-31T17:47:38-07:00,0,25
projects\projects.js,207,js,1af57a50,Zeng-xinyi,2025-10-31,17:47:38,-07:00,2025-10-31T17:47:38-07:00,0,0
projects\projects.js,208,js,1af57a50,Zeng-xinyi,2025-10-31,17:47:38,-07:00,2025-10-31T17:47:38-07:00,0,85
projects\projects.js,209,js,1af57a50,Zeng-xinyi,2025-10-31,17:47:38,-07:00,2025-10-31T17:47:38-07:00,0,50
projects\projects.js,210,js,1af57a50,Zeng-xinyi,2025-10-31,17:47:38,-07:00,2025-10-31T17:47:38-07:00,0,50
projects\projects.js,211,js,1af57a50,Zeng-xinyi,2025-10-31,17:47:38,-07:00,2025-10-31T17:47:38-07:00,0,0
projects\projects.js,212,js,1af57a50,Zeng-xinyi,2025-10-31,17:47:38,-07:00,2025-10-31T17:47:38-07:00,0,53
projects\projects.js,213,js,1af57a50,Zeng-xinyi,2025-10-31,17:47:38,-07:00,2025-10-31T17:47:38-07:00,0,47
projects\projects.js,214,js,1af57a50,Zeng-xinyi,2025-10-31,17:47:38,-07:00,2025-10-31T17:47:38-07:00,0,4
projects\projects.js,215,js,1af57a50,Zeng-xinyi,2025-10-31,17:47:38,-07:00,2025-10-31T17:47:38-07:00,0,0
projects\projects.js,216,js,1af57a50,Zeng-xinyi,2025-10-31,17:47:38,-07:00,2025-10-31T17:47:38-07:00,0,60
projects\projects.js,217,js,1af57a50,Zeng-xinyi,2025-10-31,17:47:38,-07:00,2025-10-31T17:47:38-07:00,0,0
projects\projects.js,218,js,1af57a50,Zeng-xinyi,2025-10-31,17:47:38,-07:00,2025-10-31T17:47:38-07:00,0,21
projects\projects.js,219,js,1af57a50,Zeng-xinyi,2025-10-31,17:47:38,-07:00,2025-10-31T17:47:38-07:00,0,69
projects\projects.js,220,js,1af57a50,Zeng-xinyi,2025-10-31,17:47:38,-07:00,2025-10-31T17:47:38-07:00,0,3
projects\projects.js,221,js,1af57a50,Zeng-xinyi,2025-10-31,17:47:38,-07:00,2025-10-31T17:47:38-07:00,0,0
projects\projects.js,222,js,1af57a50,Zeng-xinyi,2025-10-31,17:47:38,-07:00,2025-10-31T17:47:38-07:00,0,35
projects\projects.js,223,js,1af57a50,Zeng-xinyi,2025-10-31,17:47:38,-07:00,2025-10-31T17:47:38-07:00,0,3
projects\projects.js,224,js,db35c966,Zeng-xinyi,2025-10-31,03:50:58,-07:00,2025-10-31T03:50:58-07:00,0,0
projects\projects.js,225,js,5cac85ab,Zeng-xinyi,2025-10-31,04:46:29,-07:00,2025-10-31T04:46:29-07:00,0,54
projects\index.html,1,html,3b3f4671,Zeng-xinyi,2025-09-30,20:16:27,-07:00,2025-09-30T20:16:27-07:00,0,13
projects\index.html,2,html,3b3f4671,Zeng-xinyi,2025-09-30,20:16:27,-07:00,2025-09-30T20:16:27-07:00,0,14
projects\index.html,3,html,3b3f4671,Zeng-xinyi,2025-09-30,20:16:27,-07:00,2025-09-30T20:16:27-07:00,0,4
projects\index.html,4,html,3b3f4671,Zeng-xinyi,2025-09-30,20:16:27,-07:00,2025-09-30T20:16:27-07:00,2,20
projects\index.html,5,html,3b3f4671,Zeng-xinyi,2025-09-30,20:16:27,-07:00,2025-09-30T20:16:27-07:00,2,68
projects\index.html,6,html,3b3f4671,Zeng-xinyi,2025-09-30,20:16:27,-07:00,2025-09-30T20:16:27-07:00,2,34
projects\index.html,7,html,3b3f4671,Zeng-xinyi,2025-09-30,20:16:27,-07:00,2025-09-30T20:16:27-07:00,2,41
projects\index.html,8,html,3b3f4671,Zeng-xinyi,2025-09-30,20:16:27,-07:00,2025-09-30T20:16:27-07:00,0,5
projects\index.html,9,html,3b3f4671,Zeng-xinyi,2025-09-30,20:16:27,-07:00,2025-09-30T20:16:27-07:00,0,4
projects\index.html,10,html,8a5c0092,Zeng-xinyi,2025-10-24,02:04:50,-07:00,2025-10-24T02:04:50-07:00,2,29
projects\index.html,11,html,8a5c0092,Zeng-xinyi,2025-10-24,02:04:50,-07:00,2025-10-24T02:04:50-07:00,2,38
projects\index.html,12,html,db35c966,Zeng-xinyi,2025-10-31,03:50:58,-07:00,2025-10-31T03:50:58-07:00,2,21
projects\index.html,13,html,10dc05f5,Zeng-xinyi,2025-10-31,03:19:07,-07:00,2025-10-31T03:19:07-07:00,2,49
projects\index.html,14,html,db35c966,Zeng-xinyi,2025-10-31,03:50:58,-07:00,2025-10-31T03:50:58-07:00,4,52
projects\index.html,15,html,db35c966,Zeng-xinyi,2025-10-31,03:50:58,-07:00,2025-10-31T03:50:58-07:00,5,47
projects\index.html,16,html,db35c966,Zeng-xinyi,2025-10-31,03:50:58,-07:00,2025-10-31T03:50:58-07:00,4,4
projects\index.html,17,html,db35c966,Zeng-xinyi,2025-10-31,03:50:58,-07:00,2025-10-31T03:50:58-07:00,4,22
projects\index.html,18,html,db35c966,Zeng-xinyi,2025-10-31,03:50:58,-07:00,2025-10-31T03:50:58-07:00,2,4
projects\index.html,19,html,1af57a50,Zeng-xinyi,2025-10-31,17:47:38,-07:00,2025-10-31T17:47:38-07:00,2,23
projects\index.html,20,html,5cac85ab,Zeng-xinyi,2025-10-31,04:46:29,-07:00,2025-10-31T04:46:29-07:00,2,4
projects\index.html,21,html,5cac85ab,Zeng-xinyi,2025-10-31,04:46:29,-07:00,2025-10-31T04:46:29-07:00,3,15
projects\index.html,22,html,5cac85ab,Zeng-xinyi,2025-10-31,04:46:29,-07:00,2025-10-31T04:46:29-07:00,3,11
projects\index.html,23,html,5cac85ab,Zeng-xinyi,2025-10-31,04:46:29,-07:00,2025-10-31T04:46:29-07:00,3,26
projects\index.html,24,html,5cac85ab,Zeng-xinyi,2025-10-31,04:46:29,-07:00,2025-10-31T04:46:29-07:00,3,28
projects\index.html,25,html,5cac85ab,Zeng-xinyi,2025-10-31,04:46:29,-07:00,2025-10-31T04:46:29-07:00,2,0
projects\index.html,26,html,5cac85ab,Zeng-xinyi,2025-10-31,04:46:29,-07:00,2025-10-31T04:46:29-07:00,0,0
projects\index.html,27,html,10dc05f5,Zeng-xinyi,2025-10-31,03:19:07,-07:00,2025-10-31T03:19:07-07:00,0,0
projects\index.html,28,html,c88524f2,Zeng-xinyi,2025-10-08,16:28:17,-07:00,2025-10-08T16:28:17-07:00,2,20
projects\index.html,29,html,8a5c0092,Zeng-xinyi,2025-10-24,02:04:50,-07:00,2025-10-24T02:04:50-07:00,4,0
projects\index.html,30,html,c88524f2,Zeng-xinyi,2025-10-08,16:28:17,-07:00,2025-10-08T16:28:17-07:00,2,4
projects\index.html,31,html,8c055718,Zeng-xinyi,2025-10-16,11:09:45,-07:00,2025-10-16T11:09:45-07:00,0,48
projects\index.html,32,html,8a5c0092,Zeng-xinyi,2025-10-24,02:04:50,-07:00,2025-10-24T02:04:50-07:00,0,49
projects\index.html,33,html,3b3f4671,Zeng-xinyi,2025-09-30,20:16:27,-07:00,2025-09-30T20:16:27-07:00,0,5
projects\index.html,34,html,10dc05f5,Zeng-xinyi,2025-10-31,03:19:07,-07:00,2025-10-31T03:19:07-07:00,0,5
meta\index.html,1,html,4ed35a14,Zeng-xinyi,2025-11-05,01:10:17,-08:00,2025-11-05T01:10:17-08:00,0,13
meta\index.html,2,html,4ed35a14,Zeng-xinyi,2025-11-05,01:10:17,-08:00,2025-11-05T01:10:17-08:00,0,14
meta\index.html,3,html,4ed35a14,Zeng-xinyi,2025-11-05,01:10:17,-08:00,2025-11-05T01:10:17-08:00,0,4
meta\index.html,4,html,4ed35a14,Zeng-xinyi,2025-11-05,01:10:17,-08:00,2025-11-05T01:10:17-08:00,2,20
meta\index.html,5,html,4ed35a14,Zeng-xinyi,2025-11-05,01:10:17,-08:00,2025-11-05T01:10:17-08:00,2,68
meta\index.html,6,html,4ed35a14,Zeng-xinyi,2025-11-05,01:10:17,-08:00,2025-11-05T01:10:17-08:00,2,17
meta\index.html,7,html,4ed35a14,Zeng-xinyi,2025-11-05,01:10:17,-08:00,2025-11-05T01:10:17-08:00,2,27
meta\index.html,8,html,4ed35a14,Zeng-xinyi,2025-11-05,01:10:17,-08:00,2025-11-05T01:10:17-08:00,2,41
meta\index.html,9,html,4ed35a14,Zeng-xinyi,2025-11-05,01:10:17,-08:00,2025-11-05T01:10:17-08:00,0,5
meta\index.html,10,html,4ed35a14,Zeng-xinyi,2025-11-05,01:10:17,-08:00,2025-11-05T01:10:17-08:00,0,4
meta\index.html,11,html,4ed35a14,Zeng-xinyi,2025-11-05,01:10:17,-08:00,2025-11-05T01:10:17-08:00,2,11
meta\index.html,12,html,4ed35a14,Zeng-xinyi,2025-11-05,01:10:17,-08:00,2025-11-05T01:10:17-08:00,0,48
meta\index.html,13,html,4ed35a14,Zeng-xinyi,2025-11-05,01:10:17,-08:00,2025-11-05T01:10:17-08:00,0,5
meta\index.html,14,html,4ed35a14,Zeng-xinyi,2025-11-05,01:10:17,-08:00,2025-11-05T01:10:17-08:00,0,5
contact\index.html,1,html,3b3f4671,Zeng-xinyi,2025-09-30,20:16:27,-07:00,2025-09-30T20:16:27-07:00,0,13
contact\index.html,2,html,3b3f4671,Zeng-xinyi,2025-09-30,20:16:27,-07:00,2025-09-30T20:16:27-07:00,0,14
contact\index.html,3,html,3b3f4671,Zeng-xinyi,2025-09-30,20:16:27,-07:00,2025-09-30T20:16:27-07:00,0,4
contact\index.html,4,html,3b3f4671,Zeng-xinyi,2025-09-30,20:16:27,-07:00,2025-09-30T20:16:27-07:00,2,20
contact\index.html,5,html,3b3f4671,Zeng-xinyi,2025-09-30,20:16:27,-07:00,2025-09-30T20:16:27-07:00,2,68
contact\index.html,6,html,3b3f4671,Zeng-xinyi,2025-09-30,20:16:27,-07:00,2025-09-30T20:16:27-07:00,2,33
contact\index.html,7,html,3b3f4671,Zeng-xinyi,2025-09-30,20:16:27,-07:00,2025-09-30T20:16:27-07:00,2,41
contact\index.html,8,html,3b3f4671,Zeng-xinyi,2025-09-30,20:16:27,-07:00,2025-09-30T20:16:27-07:00,0,5
contact\index.html,9,html,3b3f4671,Zeng-xinyi,2025-09-30,20:16:27,-07:00,2025-09-30T20:16:27-07:00,0,4
contact\index.html,10,html,3b3f4671,Zeng-xinyi,2025-09-30,20:16:27,-07:00,2025-09-30T20:16:27-07:00,2,17
contact\index.html,11,html,3fd84851,Zeng-xinyi,2025-09-30,21:34:59,-07:00,2025-09-30T21:34:59-07:00,2,34
contact\index.html,12,html,9d9546e3,Zeng-xinyi,2025-09-30,21:08:00,-07:00,2025-09-30T21:08:00-07:00,2,78
contact\index.html,13,html,d777d094,Zeng-xinyi,2025-09-30,20:50:47,-07:00,2025-09-30T20:50:47-07:00,4,5
contact\index.html,14,html,d777d094,Zeng-xinyi,2025-09-30,20:50:47,-07:00,2025-09-30T20:50:47-07:00,6,6
contact\index.html,15,html,d777d094,Zeng-xinyi,2025-09-30,20:50:47,-07:00,2025-09-30T20:50:47-07:00,6,29
contact\index.html,16,html,1749606c,Zeng-xinyi,2025-10-08,15:37:26,-07:00,2025-10-08T15:37:26-07:00,4,6
contact\index.html,17,html,d777d094,Zeng-xinyi,2025-09-30,20:50:47,-07:00,2025-09-30T20:50:47-07:00,0,0
contact\index.html,18,html,d777d094,Zeng-xinyi,2025-09-30,20:50:47,-07:00,2025-09-30T20:50:47-07:00,4,5
contact\index.html,19,html,d36903b0,Zeng-xinyi,2025-10-08,15:45:36,-07:00,2025-10-08T15:45:36-07:00,6,6
contact\index.html,20,html,9ba39a4c,Zeng-xinyi,2025-10-16,15:37:14,-07:00,2025-10-16T15:37:14-07:00,6,49
contact\index.html,21,html,1749606c,Zeng-xinyi,2025-10-08,15:37:26,-07:00,2025-10-08T15:37:26-07:00,4,6
contact\index.html,22,html,d777d094,Zeng-xinyi,2025-09-30,20:50:47,-07:00,2025-09-30T20:50:47-07:00,0,0
contact\index.html,23,html,d36903b0,Zeng-xinyi,2025-10-08,15:45:36,-07:00,2025-10-08T15:45:36-07:00,4,19
contact\index.html,24,html,d777d094,Zeng-xinyi,2025-09-30,20:50:47,-07:00,2025-09-30T20:50:47-07:00,2,5
contact\index.html,25,html,d777d094,Zeng-xinyi,2025-09-30,20:50:47,-07:00,2025-09-30T20:50:47-07:00,0,0
contact\index.html,26,html,d777d094,Zeng-xinyi,2025-09-30,20:50:47,-07:00,2025-09-30T20:50:47-07:00,0,0
contact\index.html,27,html,8c055718,Zeng-xinyi,2025-10-16,11:09:45,-07:00,2025-10-16T11:09:45-07:00,0,48
contact\index.html,28,html,3b3f4671,Zeng-xinyi,2025-09-30,20:16:27,-07:00,2025-09-30T20:16:27-07:00,0,5
contact\index.html,29,html,3b3f4671,Zeng-xinyi,2025-09-30,20:16:27,-07:00,2025-09-30T20:16:27-07:00,0,5
